gender,age,weekDay,timePerior,pepper,egg,salt,oil,soySauce,onion,sugar,cream,flour,meat
M,25,5,10,0,1,1,1,0,1,0,1,0,1
M,25,6,8,0,1,1,1,0,1,0,1,0,1
F,25,0,18,0,0,1,0,0,1,1,1,0,1
M,28,5,18,0,0,0,0,0,0,0,0,0,1
F,24,4,13,1,1,0,0,0,1,0,1,0,1
F,29,4,20,1,1,0,0,0,1,0,1,0,1
F,29,5,12,1,1,0,0,0,1,0,1,0,1
F,23,5,15,1,1,0,0,0,1,0,1,0,1
F,20,5,17,1,1,1,0,1,1,0,0,0,1
F,25,6,20,1,1,1,0,1,1,0,0,0,1
F,28,5,11,0,1,0,0,1,1,0,1,0,1
F,28,5,16,0,1,0,0,1,1,0,1,0,1
F,25,6,14,0,1,0,0,1,1,0,1,0,1
F,22,6,18,0,1,0,0,1,1,0,1,0,1
M,23,5,20,1,1,1,1,1,1,1,1,1,1
M,28,6,18,1,1,1,1,1,1,1,1,1,1
F,28,5,16,1,1,1,0,1,1,0,0,0,1
F,25,0,16,0,1,1,1,1,1,0,0,0,1
F,21,0,1,0,1,1,1,1,1,0,0,0,1
F,20,4,17,0,1,1,1,1,1,0,0,0,1
F,22,4,0,0,1,1,1,1,1,0,0,0,1
F,20,5,17,0,1,1,1,1,1,0,0,0,1
F,28,5,0,0,1,1,1,1,1,0,0,0,1
F,29,6,17,0,1,1,1,1,1,0,0,0,1
F,22,6,22,0,1,1,1,1,1,0,0,0,1
F,27,0,10,0,0,1,0,1,1,0,0,0,1
F,24,0,17,0,0,1,0,1,1,0,0,0,1
F,22,4,5,0,0,1,0,1,1,0,0,0,1
F,29,4,19,0,0,1,0,1,1,0,0,0,1
F,23,0,16,0,1,0,0,0,0,0,0,0,1
F,22,4,19,0,1,0,0,0,0,0,0,0,1
M,27,4,9,1,1,1,1,1,1,0,1,0,1
M,26,5,8,1,1,1,1,1,1,0,1,0,1
M,23,6,5,1,1,1,1,1,1,0,1,0,1
F,21,5,20,1,1,1,1,1,1,0,0,0,1
F,23,6,15,1,1,1,1,1,1,0,0,0,1
F,26,0,13,1,1,0,0,1,1,0,0,0,1
F,24,3,14,1,1,0,0,1,1,0,0,0,1
F,20,5,12,1,1,0,0,1,1,0,0,0,1
F,23,0,20,0,1,0,0,1,1,0,0,0,1
F,21,1,17,0,1,0,0,1,1,0,0,0,1
F,20,2,17,0,1,0,0,1,1,0,0,0,1
F,19,5,12,0,1,0,0,0,1,0,0,0,1
F,12,5,20,0,1,0,0,0,1,0,0,0,1
F,13,6,12,0,1,0,0,0,1,0,0,0,1
F,17,6,18,0,1,0,0,0,1,0,0,0,1
F,27,0,21,0,1,1,0,1,1,0,0,0,1
F,26,6,0,0,1,1,0,1,1,0,0,0,1
F,14,2,20,0,1,0,0,1,1,0,0,0,1
F,14,5,18,0,1,0,0,1,1,0,0,0,1
F,33,0,18,0,0,1,0,1,1,0,0,0,1
F,33,2,17,0,0,1,0,1,1,0,0,0,1
F,37,4,16,0,0,1,0,1,1,0,0,0,1
F,21,1,16,0,1,0,0,0,0,0,0,0,1
F,20,5,15,0,1,0,0,0,0,0,0,0,1
F,21,6,18,0,1,0,0,0,0,0,0,0,1
F,23,3,13,0,1,0,0,0,1,0,0,1,1
F,26,0,17,0,0,1,1,1,0,0,0,0,1
F,25,0,21,0,0,1,1,1,0,0,0,0,1
F,26,4,18,0,0,1,1,1,0,0,0,0,1
F,21,4,1,0,0,1,1,1,0,0,0,0,1
M,22,0,15,1,1,1,1,1,1,0,0,0,1
M,29,1,15,1,1,1,1,1,1,0,0,0,1
M,28,2,19,1,1,1,1,1,1,0,0,0,1
M,29,3,17,1,1,1,1,1,1,0,0,0,1
M,22,4,20,1,1,1,1,1,1,0,0,0,1
M,23,5,18,1,1,1,1,1,1,0,0,0,1
M,24,6,17,1,1,1,1,1,1,0,0,0,1
M,51,0,16,0,1,1,1,1,1,1,0,0,1
M,50,1,16,0,1,1,1,1,1,1,0,0,1
M,56,2,17,0,1,1,1,1,1,1,0,0,1
M,51,3,19,0,1,1,1,1,1,1,0,0,1
M,53,4,15,0,1,1,1,1,1,1,0,0,1
M,59,5,19,0,1,1,1,1,1,1,0,0,1
M,52,6,19,0,1,1,1,1,1,1,0,0,1
M,22,5,15,1,1,0,0,0,1,0,1,0,1
M,28,5,20,1,1,0,0,0,1,0,1,0,1
M,28,6,11,1,1,0,0,0,1,0,1,0,1
M,25,6,17,1,1,0,0,0,1,0,1,0,1
M,38,0,15,0,1,0,0,1,1,0,1,0,1
M,33,2,15,0,1,0,0,1,1,0,1,0,1
M,26,5,17,0,0,1,0,0,1,1,0,0,1
M,26,6,19,0,0,1,0,0,1,1,0,0,1
M,37,5,1,1,1,1,0,0,1,0,1,0,1
M,30,6,22,1,1,1,0,0,1,0,1,0,1
M,30,0,17,1,1,1,0,0,1,0,1,0,1
M,32,2,18,1,1,1,0,0,1,0,1,0,1
F,24,0,18,0,1,0,0,0,1,0,1,0,1
F,27,1,17,0,1,0,0,0,1,0,1,0,1
F,23,2,19,0,1,0,0,0,1,0,1,0,1
F,20,3,19,0,1,0,0,0,1,0,1,0,1
M,38,0,15,0,1,0,0,0,0,0,0,0,1
M,31,6,15,0,1,0,0,0,0,0,0,0,1
M,35,1,15,1,1,1,0,1,1,0,0,0,1
M,34,5,20,1,1,1,0,1,1,0,0,0,1
M,39,6,17,1,1,1,0,1,1,0,0,0,1
M,26,5,12,0,1,0,0,0,1,0,1,0,1
M,24,5,12,0,1,1,0,1,0,0,0,0,1
F,25,0,17,0,1,0,0,0,0,0,0,0,1
F,24,5,18,0,1,0,0,0,0,0,0,0,1
F,20,6,18,0,1,0,0,0,0,0,0,0,1
M,33,2,18,1,1,1,1,1,1,0,1,0,1
M,35,5,18,1,1,1,1,1,1,0,1,0,1
F,32,2,17,1,1,1,0,0,1,1,0,1,1
F,30,4,20,1,1,1,0,0,1,1,0,1,1
M,41,2,17,1,1,0,0,0,1,0,1,0,1
M,44,5,19,1,1,0,0,0,1,0,1,0,1
M,43,6,19,1,1,0,0,0,1,0,1,0,1
F,23,0,20,1,1,1,0,1,1,0,0,0,1
F,21,2,18,1,1,1,0,1,1,0,0,0,1
F,24,5,19,1,1,1,0,1,1,0,0,0,1
F,25,6,17,1,1,1,0,1,1,0,0,0,1
M,49,2,19,1,1,1,0,1,0,1,0,1,1
M,45,6,19,1,1,1,0,1,0,1,0,1,1
M,33,5,19,0,1,0,0,0,0,0,0,0,1
M,36,6,16,0,1,0,0,0,0,0,0,0,1
F,24,2,16,0,1,0,0,0,0,0,0,0,1
F,24,5,18,0,1,0,0,0,0,0,0,0,1
F,24,4,19,1,1,1,1,1,1,1,1,0,1
F,28,5,19,1,1,1,1,1,1,1,1,0,1
F,21,2,20,0,1,0,0,0,0,0,0,0,1
F,27,4,15,0,1,0,0,0,0,0,0,0,1
F,13,5,18,1,1,1,0,1,1,0,0,0,1
F,19,6,16,1,1,1,0,1,1,0,0,0,1
F,24,5,14,1,0,0,0,0,0,0,0,0,1
F,23,0,11,1,0,1,0,1,1,1,0,1,0
F,22,1,13,1,0,1,0,1,1,1,0,1,0
F,25,2,12,1,0,1,0,1,1,1,0,1,0
F,29,3,11,1,0,1,0,1,1,1,0,1,0
F,22,4,13,1,0,1,0,1,1,1,0,1,0
F,20,5,11,1,0,1,0,1,1,1,0,1,0
F,28,6,15,1,0,1,0,1,1,1,0,1,0
F,13,0,11,1,1,1,1,1,1,1,1,0,1
F,18,2,13,1,1,1,1,1,1,1,1,0,1
F,18,4,13,1,1,1,1,1,1,1,1,0,1
M,25,5,8,0,0,0,0,0,1,0,0,0,1
M,28,5,12,0,0,0,0,0,1,0,0,0,1
M,24,6,9,0,0,0,0,0,1,0,0,0,1
M,20,6,13,0,0,0,0,0,1,0,0,0,1
F,28,5,11,0,1,0,0,0,1,0,0,0,1
F,23,6,12,0,1,0,0,0,1,0,0,0,1
F,29,4,19,0,1,0,0,0,1,0,0,0,1
F,22,5,19,0,1,0,0,0,1,0,0,0,1
F,23,6,18,0,1,0,0,0,1,0,0,0,1
F,26,5,20,0,0,1,0,1,1,1,0,0,1
F,16,0,15,1,0,1,1,1,1,1,0,0,1
F,14,3,17,1,0,1,1,1,1,1,0,0,1
F,33,0,11,0,1,0,0,0,1,1,1,1,0
F,37,5,11,0,1,0,0,0,1,1,1,1,0
M,30,3,20,1,1,0,0,0,1,0,1,0,1
M,27,5,15,0,0,0,0,0,1,0,0,0,1
M,24,5,12,1,1,1,1,1,1,1,1,1,1
M,25,6,12,1,1,1,1,1,1,1,1,1,1
M,20,4,20,0,0,0,0,0,0,0,0,0,1
F,34,5,17,0,0,0,0,0,1,0,1,0,1
F,36,6,15,0,0,0,0,0,1,0,1,0,1
M,27,5,13,0,1,1,0,1,1,0,0,0,1
M,27,6,12,0,1,1,0,1,1,0,0,0,1
F,29,5,13,1,1,1,1,0,1,1,1,0,1
F,29,5,16,1,1,1,1,0,1,1,1,0,1
F,23,6,15,1,1,1,1,0,1,1,1,0,1
F,22,6,17,1,1,1,1,0,1,1,1,0,1
F,37,0,9,1,1,1,1,1,1,1,1,1,1
F,39,0,12,1,1,1,1,1,1,1,1,1,1
F,39,0,20,1,1,1,1,1,1,1,1,1,1
F,38,1,5,1,1,1,1,1,1,1,1,1,1
F,37,1,15,1,1,1,1,1,1,1,1,1,1
F,37,1,18,1,1,1,1,1,1,1,1,1,1
F,34,2,8,1,1,1,1,1,1,1,1,1,1
F,33,2,14,1,1,1,1,1,1,1,1,1,1
F,38,2,18,1,1,1,1,1,1,1,1,1,1
F,30,3,8,1,1,1,1,1,1,1,1,1,1
F,33,3,15,1,1,1,1,1,1,1,1,1,1
F,38,3,16,1,1,1,1,1,1,1,1,1,1
F,34,4,10,1,1,1,1,1,1,1,1,1,1
F,30,4,14,1,1,1,1,1,1,1,1,1,1
F,32,4,17,1,1,1,1,1,1,1,1,1,1
F,39,5,6,1,1,1,1,1,1,1,1,1,1
F,38,5,11,1,1,1,1,1,1,1,1,1,1
F,35,5,19,1,1,1,1,1,1,1,1,1,1
F,39,6,5,1,1,1,1,1,1,1,1,1,1
F,34,6,13,1,1,1,1,1,1,1,1,1,1
F,30,6,17,1,1,1,1,1,1,1,1,1,1
M,28,0,15,0,1,0,0,0,0,0,0,0,1
M,21,1,17,0,1,0,0,0,0,0,0,0,1
M,21,2,18,0,1,0,0,0,0,0,0,0,1
M,24,3,18,0,1,0,0,0,0,0,0,0,1
M,26,4,17,0,1,0,0,0,0,0,0,0,1
M,29,5,18,0,1,0,0,0,0,0,0,0,1
M,28,6,17,0,1,0,0,0,0,0,0,0,1
F,36,5,15,0,1,0,0,0,1,0,0,0,1
F,35,6,19,0,1,0,0,0,1,0,0,0,1
M,36,4,20,0,1,0,0,0,0,0,0,0,1
M,32,5,15,0,1,0,0,0,0,0,0,0,1
F,35,1,16,0,1,0,0,0,1,0,0,0,1
F,39,3,19,0,1,0,0,0,1,0,0,0,1
F,34,1,10,0,0,0,1,1,1,0,1,1,0
F,33,1,15,0,0,0,1,1,1,0,1,1,0
F,30,4,7,0,0,0,1,1,1,0,1,1,0
F,30,4,14,0,0,0,1,1,1,0,1,1,0
M,21,0,1,1,1,1,0,1,1,0,1,0,1
F,30,0,20,1,1,1,0,1,1,0,1,0,1
F,39,5,16,1,1,1,0,1,1,0,1,0,1
F,35,0,11,1,1,1,0,1,1,0,1,0,1
F,30,2,18,0,1,0,0,1,1,0,1,1,1
F,37,5,16,0,1,0,0,1,1,0,1,1,1
M,28,0,13,1,1,0,0,0,1,0,0,0,1
M,23,0,19,1,1,0,0,0,1,0,0,0,1
M,28,1,12,1,1,0,0,0,1,0,0,0,1
M,20,1,15,1,1,0,0,0,1,0,0,0,1
M,24,2,13,1,1,0,0,0,1,0,0,0,1
M,23,2,15,1,1,0,0,0,1,0,0,0,1
M,22,3,14,1,1,0,0,0,1,0,0,0,1
M,26,3,18,1,1,0,0,0,1,0,0,0,1
M,22,4,11,1,1,0,0,0,1,0,0,0,1
M,27,4,20,1,1,0,0,0,1,0,0,0,1
M,29,5,15,1,1,0,0,0,1,0,0,0,1
M,25,5,15,1,1,0,0,0,1,0,0,0,1
M,28,6,13,1,1,0,0,0,1,0,0,0,1
M,28,6,16,1,1,0,0,0,1,0,0,0,1
F,36,1,21,1,1,0,0,1,1,0,1,0,1
F,31,3,21,1,1,0,0,1,1,0,1,0,1
F,39,5,23,1,1,0,0,1,1,0,1,0,1
F,24,6,4,1,0,1,1,1,0,0,0,1,1
M,38,5,18,1,1,1,1,1,1,1,1,1,0
M,30,6,19,1,1,1,1,1,1,1,1,1,0
F,34,4,15,0,0,1,1,0,1,0,1,0,1
F,37,4,22,0,0,1,1,0,1,0,1,0,1
F,38,5,15,0,0,1,1,0,1,0,1,0,1
F,38,5,23,0,0,1,1,0,1,0,1,0,1
M,26,5,15,1,0,1,0,1,1,0,1,0,1
M,26,6,16,1,0,1,0,1,1,0,1,0,1
M,39,5,13,0,0,0,0,0,1,0,0,0,1
M,31,6,14,0,0,0,0,0,1,0,0,0,1
M,27,5,20,1,1,1,0,0,1,0,1,0,1
M,21,6,17,1,1,1,0,0,1,0,1,0,1
M,20,2,16,1,1,1,0,1,1,1,1,1,1
M,20,4,16,1,1,1,0,1,1,1,1,1,1
M,22,6,18,0,1,1,1,1,1,1,0,0,1
F,64,2,15,0,1,1,0,1,0,0,0,0,1
F,27,5,15,1,1,1,0,1,1,0,0,0,1
M,40,5,16,0,1,0,0,0,1,0,1,0,1
M,44,6,20,0,1,0,0,0,1,0,1,0,1
M,20,5,13,1,0,1,1,1,0,1,0,0,1
M,28,5,17,1,0,1,1,1,0,1,0,0,1
M,29,6,14,1,0,1,1,1,0,1,0,0,1
M,26,6,20,1,0,1,1,1,0,1,0,0,1
M,41,0,15,0,1,0,0,0,1,0,0,0,1
M,45,1,16,0,1,0,0,0,1,0,0,0,1
M,48,2,15,0,1,0,0,0,1,0,0,0,1
M,47,3,18,0,1,0,0,0,1,0,0,0,1
M,43,4,20,0,1,0,0,0,1,0,0,0,1
M,40,5,20,0,1,0,0,0,1,0,0,0,1
M,45,6,16,0,1,0,0,0,1,0,0,0,1
M,59,1,7,1,1,1,0,1,0,0,0,0,1
F,58,5,12,0,1,0,0,0,1,0,0,0,1
F,54,6,13,0,1,0,0,0,1,0,0,0,1
M,58,5,15,0,1,0,0,0,0,0,0,0,1
F,43,4,12,1,1,1,0,1,1,0,0,0,1
F,41,4,19,1,1,1,0,1,1,0,0,0,1
F,49,5,11,1,1,1,0,1,1,0,0,0,1
F,43,5,18,1,1,1,0,1,1,0,0,0,1
M,34,1,5,0,1,0,0,0,1,0,1,0,1
M,36,5,5,0,1,0,0,0,1,0,1,0,1
M,38,6,8,0,1,0,0,0,1,0,1,0,1
F,42,2,17,0,1,0,0,0,0,0,1,1,0
F,41,4,19,0,1,0,0,0,0,0,1,1,0
F,39,1,12,0,1,0,0,0,1,0,0,0,1
F,33,3,11,0,1,0,0,0,1,0,0,0,1
F,34,5,13,0,1,0,0,0,1,0,0,0,1
M,35,0,17,1,1,1,1,1,1,1,1,1,1
M,33,1,15,1,1,1,1,1,1,1,1,1,1
M,37,2,20,1,1,1,1,1,1,1,1,1,1
M,31,3,16,1,1,1,1,1,1,1,1,1,1
M,35,4,19,1,1,1,1,1,1,1,1,1,1
F,33,1,11,0,1,1,1,1,1,0,0,0,0
F,32,6,11,0,1,1,1,1,1,0,0,0,0
F,33,5,15,1,1,0,0,1,1,1,1,0,1
F,35,6,17,1,1,0,0,1,1,1,1,0,1
M,40,5,13,1,0,1,0,1,0,0,0,0,1
M,49,5,23,1,0,1,0,1,0,0,0,0,1
M,46,6,11,1,0,1,0,1,0,0,0,0,1
M,48,6,4,1,0,1,0,1,0,0,0,0,1
F,44,2,5,1,1,0,0,0,1,0,1,0,1
F,47,5,10,1,1,0,0,0,1,0,1,0,1
F,49,6,5,1,1,0,0,0,1,0,1,0,1
M,39,2,11,1,1,0,0,0,1,0,0,0,1
M,36,2,18,1,1,0,0,0,1,0,0,0,1
F,29,4,18,0,1,1,1,1,0,0,0,0,1
F,28,6,19,0,1,1,1,1,0,0,0,0,1
F,37,5,19,0,0,0,0,0,0,0,0,0,1
F,32,6,17,0,0,0,0,0,0,0,0,0,1
F,39,0,16,0,0,0,0,0,1,0,0,0,1
F,31,1,17,0,0,0,0,0,1,0,0,0,1
F,36,2,20,0,0,0,0,0,1,0,0,0,1
F,32,3,16,0,0,0,0,0,1,0,0,0,1
F,35,4,16,0,0,0,0,0,1,0,0,0,1
F,33,5,19,0,0,0,0,0,1,0,0,0,1
F,38,6,16,0,0,0,0,0,1,0,0,0,1
F,31,2,17,0,1,0,0,0,1,0,0,0,1
F,37,6,16,0,1,0,0,0,1,0,0,0,1
F,36,6,15,0,1,0,1,1,0,1,0,1,1
F,33,0,18,0,1,0,0,0,0,0,0,0,1
F,43,1,16,0,0,0,0,0,0,0,0,0,1
F,44,3,17,0,0,0,0,0,0,0,0,0,1
M,39,2,3,0,0,0,0,0,0,0,0,0,0
F,35,3,11,1,1,1,0,1,1,1,1,1,1
F,33,3,16,1,1,1,0,1,1,1,1,1,1
F,34,4,13,1,1,1,0,1,1,1,1,1,1
F,34,4,18,1,1,1,0,1,1,1,1,1,1
F,50,5,14,1,1,1,1,0,1,1,0,0,1
F,27,0,19,0,1,0,0,0,1,0,0,0,1
F,23,2,17,0,1,0,0,0,1,0,0,0,1
F,25,4,16,0,1,0,0,0,1,0,0,0,1
F,27,5,18,0,1,0,0,0,1,0,0,0,1
F,31,0,15,0,1,1,1,1,1,1,1,1,1
F,31,2,11,0,1,1,1,1,1,1,1,1,1
F,36,4,15,0,1,1,1,1,1,1,1,1,1
F,34,5,12,0,1,0,0,0,1,0,0,0,1
F,36,6,13,0,1,0,0,0,1,0,0,0,1
M,48,5,15,0,1,0,1,1,0,0,0,0,0
M,45,5,16,0,1,0,1,1,0,0,0,0,0
M,47,6,13,0,1,0,1,1,0,0,0,0,0
M,48,6,17,0,1,0,1,1,0,0,0,0,0
F,36,1,15,0,1,0,0,0,0,0,0,0,0
F,34,5,16,0,1,0,0,0,0,0,0,0,0
F,30,5,15,0,0,0,0,0,1,0,0,0,1
F,36,6,14,0,0,0,0,0,1,0,0,0,1
F,68,0,13,0,1,0,0,0,0,0,0,0,1
F,72,2,12,0,1,0,0,0,0,0,0,0,1
F,74,4,11,0,1,0,0,0,0,0,0,0,1
F,38,0,12,1,1,1,1,1,1,1,0,1,1
F,36,0,20,1,1,1,1,1,1,1,0,1,1
F,30,1,15,1,1,1,1,1,1,1,0,1,1
F,38,1,20,1,1,1,1,1,1,1,0,1,1
F,39,2,12,1,1,1,1,1,1,1,0,1,1
F,33,2,15,1,1,1,1,1,1,1,0,1,1
F,37,3,15,1,1,1,1,1,1,1,0,1,1
F,32,3,20,1,1,1,1,1,1,1,0,1,1
F,38,4,14,1,1,1,1,1,1,1,0,1,1
F,35,4,15,1,1,1,1,1,1,1,0,1,1
F,34,6,13,1,1,1,1,1,1,1,0,1,1
F,33,6,18,1,1,1,1,1,1,1,0,1,1
F,20,3,16,1,1,1,0,0,0,0,1,0,1
F,30,0,14,1,1,0,0,0,1,0,0,0,1
F,38,1,13,1,1,0,0,0,1,0,0,0,1
F,34,2,11,1,1,0,0,0,1,0,0,0,1
F,37,3,12,1,1,0,0,0,1,0,0,0,1
F,30,4,20,1,1,0,0,0,1,0,1,0,1
F,30,5,18,1,1,0,0,0,1,0,1,0,1
F,34,5,15,0,1,0,0,0,1,0,0,0,1
F,38,6,14,0,1,0,0,0,1,0,0,0,1
F,35,5,9,0,1,0,0,0,0,0,0,0,1
F,34,6,8,0,1,0,0,0,0,0,0,0,1
F,38,0,14,0,1,0,0,0,1,0,0,0,1
F,34,0,17,0,1,0,0,0,1,0,0,0,1
F,30,4,13,0,1,0,0,0,1,0,0,0,1
F,37,4,19,0,1,0,0,0,1,0,0,0,1
F,32,6,12,0,1,0,0,0,1,0,0,0,1
F,37,6,18,0,1,0,0,0,1,0,0,0,1
F,32,5,12,1,1,0,1,1,1,1,0,0,1
F,32,5,17,1,1,0,1,1,1,1,0,0,1
F,31,6,15,1,1,0,1,1,1,1,0,0,1
F,33,6,20,1,1,0,1,1,1,1,0,0,1
F,37,0,12,0,1,0,0,1,1,1,0,0,1
F,33,0,17,0,1,0,0,1,1,1,0,0,1
F,31,4,12,0,1,0,0,1,1,1,0,0,1
F,38,4,19,0,1,0,0,1,1,1,0,0,1
F,39,6,15,0,1,0,0,1,1,1,0,0,1
F,36,6,18,0,1,0,0,1,1,1,0,0,1
F,75,0,9,0,1,1,0,1,0,0,0,0,1
F,68,0,18,0,1,1,0,1,0,0,0,0,1
F,62,5,6,0,1,1,0,1,0,0,0,0,1
F,63,5,20,0,1,1,0,1,0,0,0,0,1
F,64,0,11,0,1,0,0,0,1,0,0,0,1
F,61,0,18,0,1,0,0,0,1,0,0,0,1
F,66,2,12,0,1,0,0,0,1,0,0,0,1
F,73,2,15,0,1,0,0,0,1,0,0,0,1
F,60,3,14,0,1,0,0,0,1,0,0,0,1
F,69,3,17,0,1,0,0,0,1,0,0,0,1
F,73,4,14,0,1,0,0,0,1,0,0,0,1
F,80,4,19,0,1,0,0,0,1,0,0,0,1
F,75,0,17,0,1,1,0,1,1,0,0,0,1
M,32,0,18,0,1,0,0,0,1,0,0,0,1
M,33,1,20,0,1,0,0,0,1,0,0,0,1
M,30,2,19,0,1,0,0,0,1,0,0,0,1
M,37,3,16,0,1,0,0,0,1,0,0,0,1
M,30,4,18,0,1,0,0,0,1,0,0,0,1
M,33,5,20,0,1,0,0,0,1,0,0,0,1
M,35,6,20,0,1,0,0,0,1,0,0,0,1
M,34,5,17,1,1,1,1,1,1,1,0,0,1
M,35,6,20,1,1,1,1,1,1,1,0,0,1
F,77,3,9,0,0,0,0,0,0,0,0,0,1
F,63,4,6,0,0,0,0,0,0,0,0,0,1
F,36,2,15,1,1,0,0,0,1,0,0,0,1
M,31,2,3,0,1,0,0,0,0,0,0,0,1
M,32,4,3,0,1,0,0,0,0,0,0,0,1
F,30,5,6,1,0,0,0,0,1,0,0,0,0
F,38,6,7,1,0,0,0,0,1,0,0,0,0
F,66,1,5,0,1,0,0,1,1,0,0,0,1
F,60,4,8,0,1,0,0,1,1,0,0,0,1
F,39,5,14,1,1,1,1,1,1,0,1,0,0
F,31,5,20,1,1,1,1,1,1,0,1,0,0
F,35,6,11,1,1,1,1,1,1,0,1,0,0
F,38,6,18,1,1,1,1,1,1,0,1,0,0
F,80,5,5,1,1,1,0,1,1,1,0,1,0
M,35,4,15,0,1,1,0,1,1,1,1,1,1
M,34,4,16,0,1,1,0,1,1,1,1,1,1
M,39,5,12,0,1,1,0,1,1,1,1,1,1
M,36,5,18,0,1,1,0,1,1,1,1,1,1
M,36,6,13,0,1,1,0,1,1,1,1,1,1
M,34,6,20,0,1,1,0,1,1,1,1,1,1
M,34,4,19,1,0,0,0,0,1,0,1,0,1
F,31,5,14,0,1,0,0,0,1,0,0,0,1
F,62,2,13,0,0,0,0,1,0,0,0,0,1
F,78,5,14,0,0,0,0,1,0,0,0,0,1
F,60,6,12,0,0,0,0,1,0,0,0,0,1
F,48,0,11,0,1,0,0,0,0,0,0,0,1
F,43,5,12,0,1,0,0,0,0,0,0,0,1
F,49,4,12,1,1,0,0,1,1,0,0,0,1
F,43,5,15,1,1,0,0,1,1,0,0,0,1
F,47,5,11,1,1,1,0,0,0,0,0,0,1
F,45,6,13,1,1,1,0,0,0,0,0,0,1
M,30,4,9,0,1,0,0,0,1,0,1,0,1
M,37,4,12,0,1,0,0,0,1,0,1,0,1
M,34,4,16,0,1,0,0,0,1,0,1,0,1
M,34,4,21,0,1,0,0,0,1,0,1,0,1
M,31,5,7,0,1,0,0,0,1,0,1,0,1
M,39,5,14,0,1,0,0,0,1,0,1,0,1
M,31,5,19,0,1,0,0,0,1,0,1,0,1
M,36,5,23,0,1,0,0,0,1,0,1,0,1
M,39,6,7,0,1,0,0,0,1,0,1,0,1
M,35,6,14,0,1,0,0,0,1,0,1,0,1
M,37,6,15,0,1,0,0,0,1,0,1,0,1
M,33,6,3,0,1,0,0,0,1,0,1,0,1
F,40,5,7,0,1,0,0,0,0,0,0,0,1
F,42,6,7,0,1,0,0,0,0,0,0,0,1
F,36,0,17,0,1,0,0,0,1,0,1,0,1
F,38,5,20,0,1,0,0,0,1,0,1,0,1
F,33,6,18,0,1,0,0,0,1,0,1,0,1
F,32,5,6,1,1,0,0,0,0,0,0,0,1
F,33,5,11,0,1,0,0,0,1,0,0,0,1
F,38,2,15,1,1,0,1,0,0,0,0,0,0
F,30,5,14,1,1,0,1,0,0,0,0,0,0
F,33,4,15,0,1,0,0,0,0,0,0,1,1
F,35,5,17,0,1,0,0,0,0,0,0,1,1
F,34,6,19,0,1,0,0,0,0,0,0,1,1
F,38,0,11,1,1,1,1,1,1,0,0,0,1
F,37,1,13,1,1,1,1,1,1,0,0,0,1
F,31,2,14,1,1,1,1,1,1,0,0,0,1
F,36,3,11,1,1,1,1,1,1,0,0,0,1
F,35,4,11,1,1,1,1,1,1,0,0,0,1
M,23,5,9,0,1,1,1,0,1,0,1,0,1
M,29,6,9,0,1,1,1,0,1,0,1,0,1
F,27,0,17,0,0,1,0,0,1,1,1,0,1
M,28,5,15,0,0,0,0,0,0,0,0,0,1
F,22,4,15,1,1,0,0,0,1,0,1,0,1
F,24,4,18,1,1,0,0,0,1,0,1,0,1
F,24,5,13,1,1,0,0,0,1,0,1,0,1
F,23,5,19,1,1,0,0,0,1,0,1,0,1
F,20,5,16,1,1,1,0,1,1,0,0,0,1
F,28,6,18,1,1,1,0,1,1,0,0,0,1
F,21,5,12,0,1,0,0,1,1,0,1,0,1
F,22,5,18,0,1,0,0,1,1,0,1,0,1
F,28,6,13,0,1,0,0,1,1,0,1,0,1
F,22,6,16,0,1,0,0,1,1,0,1,0,1
M,25,5,18,1,1,1,1,1,1,1,1,1,1
M,25,6,18,1,1,1,1,1,1,1,1,1,1
F,22,5,20,1,1,1,0,1,1,0,0,0,1
F,24,0,15,0,1,1,1,1,1,0,0,0,1
F,23,0,0,0,1,1,1,1,1,0,0,0,1
F,28,4,16,0,1,1,1,1,1,0,0,0,1
F,23,4,4,0,1,1,1,1,1,0,0,0,1
F,25,5,17,0,1,1,1,1,1,0,0,0,1
F,26,5,0,0,1,1,1,1,1,0,0,0,1
F,23,6,17,0,1,1,1,1,1,0,0,0,1
F,22,6,0,0,1,1,1,1,1,0,0,0,1
F,20,0,9,0,0,1,0,1,1,0,0,0,1
F,25,0,16,0,0,1,0,1,1,0,0,0,1
F,20,4,9,0,0,1,0,1,1,0,0,0,1
F,25,4,17,0,0,1,0,1,1,0,0,0,1
F,21,0,16,0,1,0,0,0,0,0,0,0,1
F,25,4,15,0,1,0,0,0,0,0,0,0,1
M,29,4,9,1,1,1,1,1,1,0,1,0,1
M,21,5,7,1,1,1,1,1,1,0,1,0,1
M,26,6,7,1,1,1,1,1,1,0,1,0,1
F,27,5,16,1,1,1,1,1,1,0,0,0,1
F,21,6,17,1,1,1,1,1,1,0,0,0,1
F,29,0,13,1,1,0,0,1,1,0,0,0,1
F,20,3,12,1,1,0,0,1,1,0,0,0,1
F,28,5,12,1,1,0,0,1,1,0,0,0,1
F,27,0,18,0,1,0,0,1,1,0,0,0,1
F,28,1,16,0,1,0,0,1,1,0,0,0,1
F,23,2,19,0,1,0,0,1,1,0,0,0,1
F,12,5,11,0,1,0,0,0,1,0,0,0,1
F,19,5,15,0,1,0,0,0,1,0,0,0,1
F,18,6,12,0,1,0,0,0,1,0,0,0,1
F,16,6,20,0,1,0,0,0,1,0,0,0,1
F,24,0,22,0,1,1,0,1,1,0,0,0,1
F,22,6,1,0,1,1,0,1,1,0,0,0,1
F,17,2,19,0,1,0,0,1,1,0,0,0,1
F,14,5,16,0,1,0,0,1,1,0,0,0,1
F,36,0,15,0,0,1,0,1,1,0,0,0,1
F,38,2,16,0,0,1,0,1,1,0,0,0,1
F,34,4,20,0,0,1,0,1,1,0,0,0,1
F,25,1,18,0,1,0,0,0,0,0,0,0,1
F,25,5,16,0,1,0,0,0,0,0,0,0,1
F,21,6,20,0,1,0,0,0,0,0,0,0,1
F,24,3,14,0,1,0,0,0,1,0,0,1,1
F,27,0,16,0,0,1,1,1,0,0,0,0,1
F,25,0,21,0,0,1,1,1,0,0,0,0,1
F,26,4,17,0,0,1,1,1,0,0,0,0,1
F,23,4,2,0,0,1,1,1,0,0,0,0,1
M,21,0,17,1,1,1,1,1,1,0,0,0,1
M,20,1,16,1,1,1,1,1,1,0,0,0,1
M,29,2,18,1,1,1,1,1,1,0,0,0,1
M,21,3,18,1,1,1,1,1,1,0,0,0,1
M,22,4,15,1,1,1,1,1,1,0,0,0,1
M,20,5,19,1,1,1,1,1,1,0,0,0,1
M,25,6,19,1,1,1,1,1,1,0,0,0,1
M,52,0,20,0,1,1,1,1,1,1,0,0,1
M,57,1,16,0,1,1,1,1,1,1,0,0,1
M,59,2,16,0,1,1,1,1,1,1,0,0,1
M,53,3,18,0,1,1,1,1,1,1,0,0,1
M,51,4,17,0,1,1,1,1,1,1,0,0,1
M,51,5,15,0,1,1,1,1,1,1,0,0,1
M,58,6,15,0,1,1,1,1,1,1,0,0,1
M,21,5,14,1,1,0,0,0,1,0,1,0,1
M,27,5,15,1,1,0,0,0,1,0,1,0,1
M,21,6,12,1,1,0,0,0,1,0,1,0,1
M,20,6,16,1,1,0,0,0,1,0,1,0,1
M,38,0,16,0,1,0,0,1,1,0,1,0,1
M,32,2,20,0,1,0,0,1,1,0,1,0,1
M,22,5,19,0,0,1,0,0,1,1,0,0,1
M,23,6,18,0,0,1,0,0,1,1,0,0,1
M,32,5,2,1,1,1,0,0,1,0,1,0,1
M,32,6,23,1,1,1,0,0,1,0,1,0,1
M,36,0,19,1,1,1,0,0,1,0,1,0,1
M,35,2,15,1,1,1,0,0,1,0,1,0,1
F,24,0,16,0,1,0,0,0,1,0,1,0,1
F,27,1,16,0,1,0,0,0,1,0,1,0,1
F,26,2,18,0,1,0,0,0,1,0,1,0,1
F,28,3,16,0,1,0,0,0,1,0,1,0,1
M,35,0,19,0,1,0,0,0,0,0,0,0,1
M,37,6,16,0,1,0,0,0,0,0,0,0,1
M,33,1,16,1,1,1,0,1,1,0,0,0,1
M,34,5,16,1,1,1,0,1,1,0,0,0,1
M,30,6,17,1,1,1,0,1,1,0,0,0,1
M,28,5,15,0,1,0,0,0,1,0,1,0,1
M,29,5,15,0,1,1,0,1,0,0,0,0,1
F,29,0,17,0,1,0,0,0,0,0,0,0,1
F,25,5,20,0,1,0,0,0,0,0,0,0,1
F,25,6,20,0,1,0,0,0,0,0,0,0,1
M,35,2,16,1,1,1,1,1,1,0,1,0,1
M,37,5,19,1,1,1,1,1,1,0,1,0,1
F,39,2,17,1,1,1,0,0,1,1,0,1,1
F,38,4,18,1,1,1,0,0,1,1,0,1,1
M,46,2,18,1,1,0,0,0,1,0,1,0,1
M,43,5,15,1,1,0,0,0,1,0,1,0,1
M,40,6,20,1,1,0,0,0,1,0,1,0,1
F,20,0,17,1,1,1,0,1,1,0,0,0,1
F,20,2,17,1,1,1,0,1,1,0,0,0,1
F,27,5,15,1,1,1,0,1,1,0,0,0,1
F,26,6,20,1,1,1,0,1,1,0,0,0,1
M,45,2,16,1,1,1,0,1,0,1,0,1,1
M,45,6,16,1,1,1,0,1,0,1,0,1,1
M,35,5,16,0,1,0,0,0,0,0,0,0,1
M,34,6,19,0,1,0,0,0,0,0,0,0,1
F,25,2,16,0,1,0,0,0,0,0,0,0,1
F,26,5,15,0,1,0,0,0,0,0,0,0,1
F,24,4,16,1,1,1,1,1,1,1,1,0,1
F,20,5,17,1,1,1,1,1,1,1,1,0,1
F,21,2,20,0,1,0,0,0,0,0,0,0,1
F,20,4,18,0,1,0,0,0,0,0,0,0,1
F,16,5,17,1,1,1,0,1,1,0,0,0,1
F,17,6,17,1,1,1,0,1,1,0,0,0,1
F,29,5,15,1,0,0,0,0,0,0,0,0,1
F,28,0,13,1,0,1,0,1,1,1,0,1,0
F,28,1,12,1,0,1,0,1,1,1,0,1,0
F,29,2,14,1,0,1,0,1,1,1,0,1,0
F,29,3,12,1,0,1,0,1,1,1,0,1,0
F,28,4,15,1,0,1,0,1,1,1,0,1,0
F,26,5,14,1,0,1,0,1,1,1,0,1,0
F,26,6,12,1,0,1,0,1,1,1,0,1,0
F,18,0,15,1,1,1,1,1,1,1,1,0,1
F,12,2,13,1,1,1,1,1,1,1,1,0,1
F,14,4,15,1,1,1,1,1,1,1,1,0,1
M,26,5,6,0,0,0,0,0,1,0,0,0,1
M,27,5,13,0,0,0,0,0,1,0,0,0,1
M,20,6,9,0,0,0,0,0,1,0,0,0,1
M,25,6,15,0,0,0,0,0,1,0,0,0,1
F,21,5,13,0,1,0,0,0,1,0,0,0,1
F,20,6,13,0,1,0,0,0,1,0,0,0,1
F,24,4,17,0,1,0,0,0,1,0,0,0,1
F,21,5,20,0,1,0,0,0,1,0,0,0,1
F,21,6,19,0,1,0,0,0,1,0,0,0,1
F,27,5,16,0,0,1,0,1,1,1,0,0,1
F,14,0,20,1,0,1,1,1,1,1,0,0,1
F,19,3,18,1,0,1,1,1,1,1,0,0,1
F,32,0,14,0,1,0,0,0,1,1,1,1,0
F,34,5,13,0,1,0,0,0,1,1,1,1,0
M,39,3,19,1,1,0,0,0,1,0,1,0,1
M,27,5,17,0,0,0,0,0,1,0,0,0,1
M,24,5,13,1,1,1,1,1,1,1,1,1,1
M,20,6,13,1,1,1,1,1,1,1,1,1,1
M,27,4,17,0,0,0,0,0,0,0,0,0,1
F,37,5,15,0,0,0,0,0,1,0,1,0,1
F,35,6,20,0,0,0,0,0,1,0,1,0,1
M,23,5,12,0,1,1,0,1,1,0,0,0,1
M,23,6,13,0,1,1,0,1,1,0,0,0,1
F,26,5,12,1,1,1,1,0,1,1,1,0,1
F,20,5,15,1,1,1,1,0,1,1,1,0,1
F,20,6,12,1,1,1,1,0,1,1,1,0,1
F,22,6,16,1,1,1,1,0,1,1,1,0,1
F,33,0,5,1,1,1,1,1,1,1,1,1,1
F,30,0,13,1,1,1,1,1,1,1,1,1,1
F,33,0,17,1,1,1,1,1,1,1,1,1,1
F,35,1,10,1,1,1,1,1,1,1,1,1,1
F,39,1,11,1,1,1,1,1,1,1,1,1,1
F,38,1,19,1,1,1,1,1,1,1,1,1,1
F,33,2,5,1,1,1,1,1,1,1,1,1,1
F,33,2,13,1,1,1,1,1,1,1,1,1,1
F,38,2,20,1,1,1,1,1,1,1,1,1,1
F,39,3,9,1,1,1,1,1,1,1,1,1,1
F,31,3,14,1,1,1,1,1,1,1,1,1,1
F,33,3,20,1,1,1,1,1,1,1,1,1,1
F,36,4,8,1,1,1,1,1,1,1,1,1,1
F,32,4,13,1,1,1,1,1,1,1,1,1,1
F,31,4,18,1,1,1,1,1,1,1,1,1,1
F,36,5,10,1,1,1,1,1,1,1,1,1,1
F,31,5,13,1,1,1,1,1,1,1,1,1,1
F,37,5,19,1,1,1,1,1,1,1,1,1,1
F,31,6,5,1,1,1,1,1,1,1,1,1,1
F,33,6,15,1,1,1,1,1,1,1,1,1,1
F,37,6,15,1,1,1,1,1,1,1,1,1,1
M,28,0,17,0,1,0,0,0,0,0,0,0,1
M,26,1,16,0,1,0,0,0,0,0,0,0,1
M,20,2,20,0,1,0,0,0,0,0,0,0,1
M,27,3,19,0,1,0,0,0,0,0,0,0,1
M,20,4,18,0,1,0,0,0,0,0,0,0,1
M,27,5,19,0,1,0,0,0,0,0,0,0,1
M,28,6,16,0,1,0,0,0,0,0,0,0,1
F,38,5,15,0,1,0,0,0,1,0,0,0,1
F,34,6,18,0,1,0,0,0,1,0,0,0,1
M,34,4,16,0,1,0,0,0,0,0,0,0,1
M,35,5,16,0,1,0,0,0,0,0,0,0,1
F,37,1,20,0,1,0,0,0,1,0,0,0,1
F,37,3,19,0,1,0,0,0,1,0,0,0,1
F,31,1,6,0,0,0,1,1,1,0,1,1,0
F,32,1,13,0,0,0,1,1,1,0,1,1,0
F,31,4,6,0,0,0,1,1,1,0,1,1,0
F,38,4,13,0,0,0,1,1,1,0,1,1,0
M,27,0,22,1,1,1,0,1,1,0,1,0,1
F,34,0,18,1,1,1,0,1,1,0,1,0,1
F,31,5,17,1,1,1,0,1,1,0,1,0,1
F,34,0,14,1,1,1,0,1,1,0,1,0,1
F,36,2,20,0,1,0,0,1,1,0,1,1,1
F,34,5,18,0,1,0,0,1,1,0,1,1,1
M,21,0,11,1,1,0,0,0,1,0,0,0,1
M,24,0,18,1,1,0,0,0,1,0,0,0,1
M,23,1,14,1,1,0,0,0,1,0,0,0,1
M,27,1,15,1,1,0,0,0,1,0,0,0,1
M,27,2,11,1,1,0,0,0,1,0,0,0,1
M,23,2,16,1,1,0,0,0,1,0,0,0,1
M,24,3,14,1,1,0,0,0,1,0,0,0,1
M,21,3,20,1,1,0,0,0,1,0,0,0,1
M,22,4,12,1,1,0,0,0,1,0,0,0,1
M,22,4,17,1,1,0,0,0,1,0,0,0,1
M,26,5,15,1,1,0,0,0,1,0,0,0,1
M,20,5,17,1,1,0,0,0,1,0,0,0,1
M,21,6,13,1,1,0,0,0,1,0,0,0,1
M,24,6,20,1,1,0,0,0,1,0,0,0,1
F,35,1,1,1,1,0,0,1,1,0,1,0,1
F,34,3,21,1,1,0,0,1,1,0,1,0,1
F,31,5,22,1,1,0,0,1,1,0,1,0,1
F,23,6,1,1,0,1,1,1,0,0,0,1,1
M,31,5,19,1,1,1,1,1,1,1,1,1,0
M,31,6,20,1,1,1,1,1,1,1,1,1,0
F,38,4,17,0,0,1,1,0,1,0,1,0,1
F,37,4,4,0,0,1,1,0,1,0,1,0,1
F,32,5,15,0,0,1,1,0,1,0,1,0,1
F,35,5,23,0,0,1,1,0,1,0,1,0,1
M,29,5,19,1,0,1,0,1,1,0,1,0,1
M,20,6,17,1,0,1,0,1,1,0,1,0,1
M,36,5,11,0,0,0,0,0,1,0,0,0,1
M,34,6,14,0,0,0,0,0,1,0,0,0,1
M,22,5,18,1,1,1,0,0,1,0,1,0,1
M,24,6,16,1,1,1,0,0,1,0,1,0,1
M,28,2,18,1,1,1,0,1,1,1,1,1,1
M,23,4,17,1,1,1,0,1,1,1,1,1,1
M,26,6,19,0,1,1,1,1,1,1,0,0,1
F,70,2,19,0,1,1,0,1,0,0,0,0,1
F,21,5,15,1,1,1,0,1,1,0,0,0,1
M,49,5,19,0,1,0,0,0,1,0,1,0,1
M,46,6,19,0,1,0,0,0,1,0,1,0,1
M,29,5,12,1,0,1,1,1,0,1,0,0,1
M,29,5,17,1,0,1,1,1,0,1,0,0,1
M,23,6,14,1,0,1,1,1,0,1,0,0,1
M,24,6,16,1,0,1,1,1,0,1,0,0,1
M,49,0,15,0,1,0,0,0,1,0,0,0,1
M,43,1,15,0,1,0,0,0,1,0,0,0,1
M,46,2,20,0,1,0,0,0,1,0,0,0,1
M,46,3,19,0,1,0,0,0,1,0,0,0,1
M,48,4,16,0,1,0,0,0,1,0,0,0,1
M,46,5,18,0,1,0,0,0,1,0,0,0,1
M,42,6,15,0,1,0,0,0,1,0,0,0,1
M,58,1,8,1,1,1,0,1,0,0,0,0,1
F,56,5,11,0,1,0,0,0,1,0,0,0,1
F,50,6,13,0,1,0,0,0,1,0,0,0,1
M,51,5,12,0,1,0,0,0,0,0,0,0,1
F,43,4,15,1,1,1,0,1,1,0,0,0,1
F,41,4,17,1,1,1,0,1,1,0,0,0,1
F,43,5,13,1,1,1,0,1,1,0,0,0,1
F,48,5,18,1,1,1,0,1,1,0,0,0,1
M,34,1,9,0,1,0,0,0,1,0,1,0,1
M,31,5,7,0,1,0,0,0,1,0,1,0,1
M,36,6,5,0,1,0,0,0,1,0,1,0,1
F,46,2,19,0,1,0,0,0,0,0,1,1,0
F,41,4,20,0,1,0,0,0,0,0,1,1,0
F,36,1,12,0,1,0,0,0,1,0,0,0,1
F,37,3,15,0,1,0,0,0,1,0,0,0,1
F,38,5,12,0,1,0,0,0,1,0,0,0,1
M,35,0,18,1,1,1,1,1,1,1,1,1,1
M,31,1,16,1,1,1,1,1,1,1,1,1,1
M,36,2,20,1,1,1,1,1,1,1,1,1,1
M,34,3,19,1,1,1,1,1,1,1,1,1,1
M,34,4,16,1,1,1,1,1,1,1,1,1,1
F,38,1,12,0,1,1,1,1,1,0,0,0,0
F,34,6,14,0,1,1,1,1,1,0,0,0,0
F,30,5,15,1,1,0,0,1,1,1,1,0,1
F,37,6,19,1,1,0,0,1,1,1,1,0,1
M,47,5,15,1,0,1,0,1,0,0,0,0,1
M,45,5,0,1,0,1,0,1,0,0,0,0,1
M,47,6,13,1,0,1,0,1,0,0,0,0,1
M,44,6,0,1,0,1,0,1,0,0,0,0,1
F,46,2,6,1,1,0,0,0,1,0,1,0,1
F,42,5,9,1,1,0,0,0,1,0,1,0,1
F,49,6,9,1,1,0,0,0,1,0,1,0,1
M,36,2,12,1,1,0,0,0,1,0,0,0,1
M,34,2,17,1,1,0,0,0,1,0,0,0,1
F,24,4,18,0,1,1,1,1,0,0,0,0,1
F,25,6,17,0,1,1,1,1,0,0,0,0,1
F,33,5,19,0,0,0,0,0,0,0,0,0,1
F,32,6,20,0,0,0,0,0,0,0,0,0,1
F,31,0,19,0,0,0,0,0,1,0,0,0,1
F,35,1,16,0,0,0,0,0,1,0,0,0,1
F,37,2,16,0,0,0,0,0,1,0,0,0,1
F,33,3,17,0,0,0,0,0,1,0,0,0,1
F,33,4,20,0,0,0,0,0,1,0,0,0,1
F,33,5,17,0,0,0,0,0,1,0,0,0,1
F,38,6,18,0,0,0,0,0,1,0,0,0,1
F,39,2,20,0,1,0,0,0,1,0,0,0,1
F,32,6,15,0,1,0,0,0,1,0,0,0,1
F,35,6,15,0,1,0,1,1,0,1,0,1,1
F,35,0,15,0,1,0,0,0,0,0,0,0,1
F,41,1,19,0,0,0,0,0,0,0,0,0,1
F,49,3,19,0,0,0,0,0,0,0,0,0,1
M,38,2,2,0,0,0,0,0,0,0,0,0,0
F,33,3,15,1,1,1,0,1,1,1,1,1,1
F,31,3,16,1,1,1,0,1,1,1,1,1,1
F,35,4,12,1,1,1,0,1,1,1,1,1,1
F,33,4,20,1,1,1,0,1,1,1,1,1,1
F,52,5,13,1,1,1,1,0,1,1,0,0,1
F,23,0,17,0,1,0,0,0,1,0,0,0,1
F,24,2,19,0,1,0,0,0,1,0,0,0,1
F,27,4,15,0,1,0,0,0,1,0,0,0,1
F,29,5,18,0,1,0,0,0,1,0,0,0,1
F,36,0,12,0,1,1,1,1,1,1,1,1,1
F,32,2,13,0,1,1,1,1,1,1,1,1,1
F,33,4,15,0,1,1,1,1,1,1,1,1,1
F,32,5,13,0,1,0,0,0,1,0,0,0,1
F,32,6,15,0,1,0,0,0,1,0,0,0,1
M,48,5,11,0,1,0,1,1,0,0,0,0,0
M,49,5,15,0,1,0,1,1,0,0,0,0,0
M,48,6,15,0,1,0,1,1,0,0,0,0,0
M,49,6,16,0,1,0,1,1,0,0,0,0,0
F,32,1,17,0,1,0,0,0,0,0,0,0,0
F,31,5,20,0,1,0,0,0,0,0,0,0,0
F,39,5,12,0,0,0,0,0,1,0,0,0,1
F,32,6,13,0,0,0,0,0,1,0,0,0,1
F,69,0,13,0,1,0,0,0,0,0,0,0,1
F,69,2,13,0,1,0,0,0,0,0,0,0,1
F,75,4,15,0,1,0,0,0,0,0,0,0,1
F,32,0,14,1,1,1,1,1,1,1,0,1,1
F,36,0,18,1,1,1,1,1,1,1,0,1,1
F,34,1,13,1,1,1,1,1,1,1,0,1,1
F,31,1,17,1,1,1,1,1,1,1,0,1,1
F,33,2,12,1,1,1,1,1,1,1,0,1,1
F,37,2,17,1,1,1,1,1,1,1,0,1,1
F,38,3,15,1,1,1,1,1,1,1,0,1,1
F,37,3,19,1,1,1,1,1,1,1,0,1,1
F,38,4,14,1,1,1,1,1,1,1,0,1,1
F,32,4,19,1,1,1,1,1,1,1,0,1,1
F,32,6,13,1,1,1,1,1,1,1,0,1,1
F,36,6,20,1,1,1,1,1,1,1,0,1,1
F,24,3,19,1,1,1,0,0,0,0,1,0,1
F,36,0,14,1,1,0,0,0,1,0,0,0,1
F,30,1,13,1,1,0,0,0,1,0,0,0,1
F,39,2,12,1,1,0,0,0,1,0,0,0,1
F,34,3,12,1,1,0,0,0,1,0,0,0,1
F,34,4,19,1,1,0,0,0,1,0,1,0,1
F,33,5,18,1,1,0,0,0,1,0,1,0,1
F,38,5,13,0,1,0,0,0,1,0,0,0,1
F,34,6,15,0,1,0,0,0,1,0,0,0,1
F,33,5,6,0,1,0,0,0,0,0,0,0,1
F,30,6,7,0,1,0,0,0,0,0,0,0,1
F,39,0,14,0,1,0,0,0,1,0,0,0,1
F,32,0,19,0,1,0,0,0,1,0,0,0,1
F,37,4,14,0,1,0,0,0,1,0,0,0,1
F,35,4,15,0,1,0,0,0,1,0,0,0,1
F,36,6,12,0,1,0,0,0,1,0,0,0,1
F,31,6,16,0,1,0,0,0,1,0,0,0,1
F,32,5,12,1,1,0,1,1,1,1,0,0,1
F,34,5,15,1,1,0,1,1,1,1,0,0,1
F,37,6,13,1,1,0,1,1,1,1,0,0,1
F,32,6,16,1,1,0,1,1,1,1,0,0,1
F,34,0,14,0,1,0,0,1,1,1,0,0,1
F,39,0,18,0,1,0,0,1,1,1,0,0,1
F,34,4,13,0,1,0,0,1,1,1,0,0,1
F,38,4,16,0,1,0,0,1,1,1,0,0,1
F,39,6,15,0,1,0,0,1,1,1,0,0,1
F,36,6,16,0,1,0,0,1,1,1,0,0,1
F,65,0,10,0,1,1,0,1,0,0,0,0,1
F,78,0,20,0,1,1,0,1,0,0,0,0,1
F,64,5,8,0,1,1,0,1,0,0,0,0,1
F,72,5,17,0,1,1,0,1,0,0,0,0,1
F,80,0,12,0,1,0,0,0,1,0,0,0,1
F,70,0,16,0,1,0,0,0,1,0,0,0,1
F,60,2,14,0,1,0,0,0,1,0,0,0,1
F,60,2,17,0,1,0,0,0,1,0,0,0,1
F,77,3,12,0,1,0,0,0,1,0,0,0,1
F,75,3,17,0,1,0,0,0,1,0,0,0,1
F,70,4,12,0,1,0,0,0,1,0,0,0,1
F,78,4,17,0,1,0,0,0,1,0,0,0,1
F,75,0,16,0,1,1,0,1,1,0,0,0,1
M,30,0,19,0,1,0,0,0,1,0,0,0,1
M,32,1,19,0,1,0,0,0,1,0,0,0,1
M,35,2,18,0,1,0,0,0,1,0,0,0,1
M,31,3,15,0,1,0,0,0,1,0,0,0,1
M,37,4,20,0,1,0,0,0,1,0,0,0,1
M,32,5,19,0,1,0,0,0,1,0,0,0,1
M,31,6,16,0,1,0,0,0,1,0,0,0,1
M,36,5,15,1,1,1,1,1,1,1,0,0,1
M,33,6,19,1,1,1,1,1,1,1,0,0,1
F,67,3,10,0,0,0,0,0,0,0,0,0,1
F,78,4,5,0,0,0,0,0,0,0,0,0,1
F,37,2,13,1,1,0,0,0,1,0,0,0,1
M,35,2,22,0,1,0,0,0,0,0,0,0,1
M,38,4,22,0,1,0,0,0,0,0,0,0,1
F,38,5,8,1,0,0,0,0,1,0,0,0,0
F,37,6,7,1,0,0,0,0,1,0,0,0,0
F,65,1,5,0,1,0,0,1,1,0,0,0,1
F,63,4,10,0,1,0,0,1,1,0,0,0,1
F,39,5,15,1,1,1,1,1,1,0,1,0,0
F,33,5,15,1,1,1,1,1,1,0,1,0,0
F,32,6,12,1,1,1,1,1,1,0,1,0,0
F,34,6,20,1,1,1,1,1,1,0,1,0,0
F,70,5,8,1,1,1,0,1,1,1,0,1,0
M,37,4,14,0,1,1,0,1,1,1,1,1,1
M,35,4,17,0,1,1,0,1,1,1,1,1,1
M,31,5,13,0,1,1,0,1,1,1,1,1,1
M,30,5,20,0,1,1,0,1,1,1,1,1,1
M,36,6,11,0,1,1,0,1,1,1,1,1,1
M,35,6,19,0,1,1,0,1,1,1,1,1,1
M,38,4,17,1,0,0,0,0,1,0,1,0,1
F,36,5,14,0,1,0,0,0,1,0,0,0,1
F,77,2,15,0,0,0,0,1,0,0,0,0,1
F,74,5,12,0,0,0,0,1,0,0,0,0,1
F,76,6,14,0,0,0,0,1,0,0,0,0,1
F,43,0,12,0,1,0,0,0,0,0,0,0,1
F,47,5,13,0,1,0,0,0,0,0,0,0,1
F,43,4,15,1,1,0,0,1,1,0,0,0,1
F,40,5,14,1,1,0,0,1,1,0,0,0,1
F,47,5,14,1,1,1,0,0,0,0,0,0,1
F,48,6,14,1,1,1,0,0,0,0,0,0,1
M,31,4,10,0,1,0,0,0,1,0,1,0,1
M,38,4,15,0,1,0,0,0,1,0,1,0,1
M,39,4,19,0,1,0,0,0,1,0,1,0,1
M,38,4,2,0,1,0,0,0,1,0,1,0,1
M,30,5,8,0,1,0,0,0,1,0,1,0,1
M,37,5,11,0,1,0,0,0,1,0,1,0,1
M,34,5,16,0,1,0,0,0,1,0,1,0,1
M,34,5,0,0,1,0,0,0,1,0,1,0,1
M,35,6,10,0,1,0,0,0,1,0,1,0,1
M,36,6,13,0,1,0,0,0,1,0,1,0,1
M,31,6,20,0,1,0,0,0,1,0,1,0,1
M,34,6,22,0,1,0,0,0,1,0,1,0,1
F,44,5,8,0,1,0,0,0,0,0,0,0,1
F,40,6,9,0,1,0,0,0,0,0,0,0,1
F,37,0,19,0,1,0,0,0,1,0,1,0,1
F,37,5,17,0,1,0,0,0,1,0,1,0,1
F,34,6,15,0,1,0,0,0,1,0,1,0,1
F,36,5,9,1,1,0,0,0,0,0,0,0,1
F,34,5,15,0,1,0,0,0,1,0,0,0,1
F,31,2,15,1,1,0,1,0,0,0,0,0,0
F,39,5,11,1,1,0,1,0,0,0,0,0,0
F,32,4,17,0,1,0,0,0,0,0,0,1,1
F,31,5,17,0,1,0,0,0,0,0,0,1,1
F,35,6,18,0,1,0,0,0,0,0,0,1,1
F,35,0,13,1,1,1,1,1,1,0,0,0,1
F,34,1,14,1,1,1,1,1,1,0,0,0,1
F,31,2,12,1,1,1,1,1,1,0,0,0,1
F,35,3,14,1,1,1,1,1,1,0,0,0,1
F,30,4,14,1,1,1,1,1,1,0,0,0,1
M,21,5,6,0,1,1,1,0,1,0,1,0,1
M,24,6,5,0,1,1,1,0,1,0,1,0,1
F,28,0,19,0,0,1,0,0,1,1,1,0,1
M,22,5,15,0,0,0,0,0,0,0,0,0,1
F,26,4,15,1,1,0,0,0,1,0,1,0,1
F,29,4,16,1,1,0,0,0,1,0,1,0,1
F,21,5,13,1,1,0,0,0,1,0,1,0,1
F,23,5,20,1,1,0,0,0,1,0,1,0,1
F,29,5,15,1,1,1,0,1,1,0,0,0,1
F,28,6,18,1,1,1,0,1,1,0,0,0,1
F,21,5,15,0,1,0,0,1,1,0,1,0,1
F,25,5,18,0,1,0,0,1,1,0,1,0,1
F,25,6,15,0,1,0,0,1,1,0,1,0,1
F,28,6,16,0,1,0,0,1,1,0,1,0,1
M,24,5,17,1,1,1,1,1,1,1,1,1,1
M,23,6,17,1,1,1,1,1,1,1,1,1,1
F,25,5,18,1,1,1,0,1,1,0,0,0,1
F,23,0,16,0,1,1,1,1,1,0,0,0,1
F,20,0,21,0,1,1,1,1,1,0,0,0,1
F,28,4,15,0,1,1,1,1,1,0,0,0,1
F,29,4,2,0,1,1,1,1,1,0,0,0,1
F,20,5,19,0,1,1,1,1,1,0,0,0,1
F,20,5,2,0,1,1,1,1,1,0,0,0,1
F,29,6,18,0,1,1,1,1,1,0,0,0,1
F,27,6,21,0,1,1,1,1,1,0,0,0,1
F,23,0,5,0,0,1,0,1,1,0,0,0,1
F,27,0,15,0,0,1,0,1,1,0,0,0,1
F,25,4,8,0,0,1,0,1,1,0,0,0,1
F,27,4,18,0,0,1,0,1,1,0,0,0,1
F,21,0,20,0,1,0,0,0,0,0,0,0,1
F,26,4,18,0,1,0,0,0,0,0,0,0,1
M,28,4,7,1,1,1,1,1,1,0,1,0,1
M,22,5,6,1,1,1,1,1,1,0,1,0,1
M,22,6,10,1,1,1,1,1,1,0,1,0,1
F,21,5,19,1,1,1,1,1,1,0,0,0,1
F,20,6,16,1,1,1,1,1,1,0,0,0,1
F,23,0,13,1,1,0,0,1,1,0,0,0,1
F,28,3,11,1,1,0,0,1,1,0,0,0,1
F,21,5,15,1,1,0,0,1,1,0,0,0,1
F,27,0,20,0,1,0,0,1,1,0,0,0,1
F,21,1,19,0,1,0,0,1,1,0,0,0,1
F,21,2,19,0,1,0,0,1,1,0,0,0,1
F,17,5,15,0,1,0,0,0,1,0,0,0,1
F,15,5,16,0,1,0,0,0,1,0,0,0,1
F,16,6,13,0,1,0,0,0,1,0,0,0,1
F,19,6,18,0,1,0,0,0,1,0,0,0,1
F,24,0,21,0,1,1,0,1,1,0,0,0,1
F,22,6,4,0,1,1,0,1,1,0,0,0,1
F,15,2,19,0,1,0,0,1,1,0,0,0,1
F,16,5,16,0,1,0,0,1,1,0,0,0,1
F,37,0,18,0,0,1,0,1,1,0,0,0,1
F,38,2,18,0,0,1,0,1,1,0,0,0,1
F,35,4,17,0,0,1,0,1,1,0,0,0,1
F,23,1,17,0,1,0,0,0,0,0,0,0,1
F,27,5,20,0,1,0,0,0,0,0,0,0,1
F,20,6,16,0,1,0,0,0,0,0,0,0,1
F,24,3,12,0,1,0,0,0,1,0,0,1,1
F,26,0,17,0,0,1,1,1,0,0,0,0,1
F,29,0,1,0,0,1,1,1,0,0,0,0,1
F,29,4,17,0,0,1,1,1,0,0,0,0,1
F,26,4,22,0,0,1,1,1,0,0,0,0,1
M,21,0,16,1,1,1,1,1,1,0,0,0,1
M,25,1,18,1,1,1,1,1,1,0,0,0,1
M,28,2,20,1,1,1,1,1,1,0,0,0,1
M,26,3,19,1,1,1,1,1,1,0,0,0,1
M,24,4,20,1,1,1,1,1,1,0,0,0,1
M,24,5,15,1,1,1,1,1,1,0,0,0,1
M,25,6,20,1,1,1,1,1,1,0,0,0,1
M,54,0,15,0,1,1,1,1,1,1,0,0,1
M,57,1,19,0,1,1,1,1,1,1,0,0,1
M,53,2,18,0,1,1,1,1,1,1,0,0,1
M,56,3,15,0,1,1,1,1,1,1,0,0,1
M,50,4,15,0,1,1,1,1,1,1,0,0,1
M,53,5,18,0,1,1,1,1,1,1,0,0,1
M,51,6,18,0,1,1,1,1,1,1,0,0,1
M,29,5,15,1,1,0,0,0,1,0,1,0,1
M,28,5,15,1,1,0,0,0,1,0,1,0,1
M,20,6,15,1,1,0,0,0,1,0,1,0,1
M,25,6,18,1,1,0,0,0,1,0,1,0,1
M,36,0,16,0,1,0,0,1,1,0,1,0,1
M,36,2,20,0,1,0,0,1,1,0,1,0,1
M,25,5,20,0,0,1,0,0,1,1,0,0,1
M,26,6,16,0,0,1,0,0,1,1,0,0,1
M,30,5,23,1,1,1,0,0,1,0,1,0,1
M,37,6,21,1,1,1,0,0,1,0,1,0,1
M,37,0,15,1,1,1,0,0,1,0,1,0,1
M,31,2,19,1,1,1,0,0,1,0,1,0,1
F,26,0,20,0,1,0,0,0,1,0,1,0,1
F,28,1,16,0,1,0,0,0,1,0,1,0,1
F,23,2,18,0,1,0,0,0,1,0,1,0,1
F,20,3,19,0,1,0,0,0,1,0,1,0,1
M,32,0,20,0,1,0,0,0,0,0,0,0,1
M,31,6,20,0,1,0,0,0,0,0,0,0,1
M,33,1,20,1,1,1,0,1,1,0,0,0,1
M,35,5,20,1,1,1,0,1,1,0,0,0,1
M,38,6,18,1,1,1,0,1,1,0,0,0,1
M,27,5,15,0,1,0,0,0,1,0,1,0,1
M,24,5,13,0,1,1,0,1,0,0,0,0,1
F,25,0,17,0,1,0,0,0,0,0,0,0,1
F,28,5,20,0,1,0,0,0,0,0,0,0,1
F,25,6,20,0,1,0,0,0,0,0,0,0,1
M,37,2,20,1,1,1,1,1,1,0,1,0,1
M,35,5,17,1,1,1,1,1,1,0,1,0,1
F,31,2,18,1,1,1,0,0,1,1,0,1,1
F,32,4,16,1,1,1,0,0,1,1,0,1,1
M,43,2,17,1,1,0,0,0,1,0,1,0,1
M,44,5,16,1,1,0,0,0,1,0,1,0,1
M,48,6,16,1,1,0,0,0,1,0,1,0,1
F,25,0,18,1,1,1,0,1,1,0,0,0,1
F,29,2,18,1,1,1,0,1,1,0,0,0,1
F,21,5,18,1,1,1,0,1,1,0,0,0,1
F,27,6,20,1,1,1,0,1,1,0,0,0,1
M,41,2,17,1,1,1,0,1,0,1,0,1,1
M,43,6,20,1,1,1,0,1,0,1,0,1,1
M,35,5,15,0,1,0,0,0,0,0,0,0,1
M,36,6,18,0,1,0,0,0,0,0,0,0,1
F,25,2,18,0,1,0,0,0,0,0,0,0,1
F,21,5,19,0,1,0,0,0,0,0,0,0,1
F,25,4,16,1,1,1,1,1,1,1,1,0,1
F,21,5,17,1,1,1,1,1,1,1,1,0,1
F,29,2,20,0,1,0,0,0,0,0,0,0,1
F,28,4,16,0,1,0,0,0,0,0,0,0,1
F,14,5,20,1,1,1,0,1,1,0,0,0,1
F,16,6,20,1,1,1,0,1,1,0,0,0,1
F,20,5,11,1,0,0,0,0,0,0,0,0,1
F,22,0,11,1,0,1,0,1,1,1,0,1,0
F,21,1,12,1,0,1,0,1,1,1,0,1,0
F,22,2,14,1,0,1,0,1,1,1,0,1,0
F,23,3,13,1,0,1,0,1,1,1,0,1,0
F,24,4,12,1,0,1,0,1,1,1,0,1,0
F,29,5,14,1,0,1,0,1,1,1,0,1,0
F,21,6,11,1,0,1,0,1,1,1,0,1,0
F,16,0,12,1,1,1,1,1,1,1,1,0,1
F,13,2,15,1,1,1,1,1,1,1,1,0,1
F,14,4,14,1,1,1,1,1,1,1,1,0,1
M,29,5,8,0,0,0,0,0,1,0,0,0,1
M,23,5,12,0,0,0,0,0,1,0,0,0,1
M,20,6,6,0,0,0,0,0,1,0,0,0,1
M,20,6,12,0,0,0,0,0,1,0,0,0,1
F,20,5,15,0,1,0,0,0,1,0,0,0,1
F,23,6,13,0,1,0,0,0,1,0,0,0,1
F,22,4,20,0,1,0,0,0,1,0,0,0,1
F,24,5,20,0,1,0,0,0,1,0,0,0,1
F,23,6,17,0,1,0,0,0,1,0,0,0,1
F,20,5,18,0,0,1,0,1,1,1,0,0,1
F,14,0,15,1,0,1,1,1,1,1,0,0,1
F,12,3,19,1,0,1,1,1,1,1,0,0,1
F,30,0,11,0,1,0,0,0,1,1,1,1,0
F,39,5,15,0,1,0,0,0,1,1,1,1,0
M,31,3,17,1,1,0,0,0,1,0,1,0,1
M,26,5,19,0,0,0,0,0,1,0,0,0,1
M,24,5,12,1,1,1,1,1,1,1,1,1,1
M,22,6,13,1,1,1,1,1,1,1,1,1,1
M,27,4,20,0,0,0,0,0,0,0,0,0,1
F,39,5,17,0,0,0,0,0,1,0,1,0,1
F,36,6,17,0,0,0,0,0,1,0,1,0,1
M,23,5,15,0,1,1,0,1,1,0,0,0,1
M,28,6,12,0,1,1,0,1,1,0,0,0,1
F,23,5,15,1,1,1,1,0,1,1,1,0,1
F,28,5,18,1,1,1,1,0,1,1,1,0,1
F,29,6,15,1,1,1,1,0,1,1,1,0,1
F,24,6,17,1,1,1,1,0,1,1,1,0,1
F,32,0,10,1,1,1,1,1,1,1,1,1,1
F,31,0,12,1,1,1,1,1,1,1,1,1,1
F,37,0,20,1,1,1,1,1,1,1,1,1,1
F,35,1,5,1,1,1,1,1,1,1,1,1,1
F,34,1,14,1,1,1,1,1,1,1,1,1,1
F,39,1,16,1,1,1,1,1,1,1,1,1,1
F,37,2,5,1,1,1,1,1,1,1,1,1,1
F,32,2,14,1,1,1,1,1,1,1,1,1,1
F,38,2,17,1,1,1,1,1,1,1,1,1,1
F,32,3,9,1,1,1,1,1,1,1,1,1,1
F,32,3,14,1,1,1,1,1,1,1,1,1,1
F,31,3,20,1,1,1,1,1,1,1,1,1,1
F,36,4,8,1,1,1,1,1,1,1,1,1,1
F,36,4,11,1,1,1,1,1,1,1,1,1,1
F,34,4,17,1,1,1,1,1,1,1,1,1,1
F,36,5,7,1,1,1,1,1,1,1,1,1,1
F,38,5,13,1,1,1,1,1,1,1,1,1,1
F,34,5,18,1,1,1,1,1,1,1,1,1,1
F,30,6,8,1,1,1,1,1,1,1,1,1,1
F,38,6,12,1,1,1,1,1,1,1,1,1,1
F,36,6,19,1,1,1,1,1,1,1,1,1,1
M,26,0,17,0,1,0,0,0,0,0,0,0,1
M,22,1,17,0,1,0,0,0,0,0,0,0,1
M,26,2,15,0,1,0,0,0,0,0,0,0,1
M,21,3,19,0,1,0,0,0,0,0,0,0,1
M,28,4,18,0,1,0,0,0,0,0,0,0,1
M,21,5,19,0,1,0,0,0,0,0,0,0,1
M,29,6,19,0,1,0,0,0,0,0,0,0,1
F,39,5,18,0,1,0,0,0,1,0,0,0,1
F,37,6,18,0,1,0,0,0,1,0,0,0,1
M,30,4,20,0,1,0,0,0,0,0,0,0,1
M,37,5,15,0,1,0,0,0,0,0,0,0,1
F,38,1,16,0,1,0,0,0,1,0,0,0,1
F,37,3,16,0,1,0,0,0,1,0,0,0,1
F,31,1,7,0,0,0,1,1,1,0,1,1,0
F,35,1,13,0,0,0,1,1,1,0,1,1,0
F,37,4,10,0,0,0,1,1,1,0,1,1,0
F,39,4,15,0,0,0,1,1,1,0,1,1,0
M,28,0,22,1,1,1,0,1,1,0,1,0,1
F,35,0,17,1,1,1,0,1,1,0,1,0,1
F,36,5,18,1,1,1,0,1,1,0,1,0,1
F,37,0,11,1,1,1,0,1,1,0,1,0,1
F,36,2,19,0,1,0,0,1,1,0,1,1,1
F,36,5,18,0,1,0,0,1,1,0,1,1,1
M,29,0,15,1,1,0,0,0,1,0,0,0,1
M,27,0,18,1,1,0,0,0,1,0,0,0,1
M,27,1,14,1,1,0,0,0,1,0,0,0,1
M,29,1,19,1,1,0,0,0,1,0,0,0,1
M,20,2,14,1,1,0,0,0,1,0,0,0,1
M,24,2,20,1,1,0,0,0,1,0,0,0,1
M,24,3,13,1,1,0,0,0,1,0,0,0,1
M,29,3,15,1,1,0,0,0,1,0,0,0,1
M,21,4,14,1,1,0,0,0,1,0,0,0,1
M,28,4,17,1,1,0,0,0,1,0,0,0,1
M,20,5,12,1,1,0,0,0,1,0,0,0,1
M,23,5,16,1,1,0,0,0,1,0,0,0,1
M,22,6,13,1,1,0,0,0,1,0,0,0,1
M,22,6,17,1,1,0,0,0,1,0,0,0,1
F,34,1,1,1,1,0,0,1,1,0,1,0,1
F,37,3,23,1,1,0,0,1,1,0,1,0,1
F,37,5,4,1,1,0,0,1,1,0,1,0,1
F,24,6,1,1,0,1,1,1,0,0,0,1,1
M,38,5,16,1,1,1,1,1,1,1,1,1,0
M,38,6,19,1,1,1,1,1,1,1,1,1,0
F,31,4,16,0,0,1,1,0,1,0,1,0,1
F,34,4,1,0,0,1,1,0,1,0,1,0,1
F,36,5,15,0,0,1,1,0,1,0,1,0,1
F,38,5,22,0,0,1,1,0,1,0,1,0,1
M,20,5,18,1,0,1,0,1,1,0,1,0,1
M,20,6,19,1,0,1,0,1,1,0,1,0,1
M,38,5,11,0,0,0,0,0,1,0,0,0,1
M,31,6,13,0,0,0,0,0,1,0,0,0,1
M,23,5,16,1,1,1,0,0,1,0,1,0,1
M,25,6,15,1,1,1,0,0,1,0,1,0,1
M,20,2,20,1,1,1,0,1,1,1,1,1,1
M,29,4,20,1,1,1,0,1,1,1,1,1,1
M,20,6,15,0,1,1,1,1,1,1,0,0,1
F,61,2,17,0,1,1,0,1,0,0,0,0,1
F,28,5,19,1,1,1,0,1,1,0,0,0,1
M,40,5,20,0,1,0,0,0,1,0,1,0,1
M,45,6,19,0,1,0,0,0,1,0,1,0,1
M,22,5,12,1,0,1,1,1,0,1,0,0,1
M,28,5,18,1,0,1,1,1,0,1,0,0,1
M,21,6,14,1,0,1,1,1,0,1,0,0,1
M,27,6,18,1,0,1,1,1,0,1,0,0,1
M,48,0,18,0,1,0,0,0,1,0,0,0,1
M,40,1,20,0,1,0,0,0,1,0,0,0,1
M,48,2,18,0,1,0,0,0,1,0,0,0,1
M,47,3,20,0,1,0,0,0,1,0,0,0,1
M,46,4,19,0,1,0,0,0,1,0,0,0,1
M,41,5,16,0,1,0,0,0,1,0,0,0,1
M,49,6,17,0,1,0,0,0,1,0,0,0,1
M,57,1,6,1,1,1,0,1,0,0,0,0,1
F,54,5,13,0,1,0,0,0,1,0,0,0,1
F,50,6,13,0,1,0,0,0,1,0,0,0,1
M,54,5,14,0,1,0,0,0,0,0,0,0,1
F,44,4,14,1,1,1,0,1,1,0,0,0,1
F,44,4,19,1,1,1,0,1,1,0,0,0,1
F,46,5,11,1,1,1,0,1,1,0,0,0,1
F,48,5,19,1,1,1,0,1,1,0,0,0,1
M,31,1,8,0,1,0,0,0,1,0,1,0,1
M,36,5,8,0,1,0,0,0,1,0,1,0,1
M,33,6,6,0,1,0,0,0,1,0,1,0,1
F,44,2,15,0,1,0,0,0,0,0,1,1,0
F,40,4,17,0,1,0,0,0,0,0,1,1,0
F,33,1,12,0,1,0,0,0,1,0,0,0,1
F,31,3,11,0,1,0,0,0,1,0,0,0,1
F,32,5,11,0,1,0,0,0,1,0,0,0,1
M,33,0,17,1,1,1,1,1,1,1,1,1,1
M,34,1,20,1,1,1,1,1,1,1,1,1,1
M,37,2,15,1,1,1,1,1,1,1,1,1,1
M,39,3,20,1,1,1,1,1,1,1,1,1,1
M,32,4,17,1,1,1,1,1,1,1,1,1,1
F,39,1,14,0,1,1,1,1,1,0,0,0,0
F,31,6,14,0,1,1,1,1,1,0,0,0,0
F,38,5,15,1,1,0,0,1,1,1,1,0,1
F,30,6,18,1,1,0,0,1,1,1,1,0,1
M,46,5,11,1,0,1,0,1,0,0,0,0,1
M,47,5,22,1,0,1,0,1,0,0,0,0,1
M,44,6,15,1,0,1,0,1,0,0,0,0,1
M,41,6,0,1,0,1,0,1,0,0,0,0,1
F,41,2,7,1,1,0,0,0,1,0,1,0,1
F,44,5,10,1,1,0,0,0,1,0,1,0,1
F,46,6,10,1,1,0,0,0,1,0,1,0,1
M,38,2,14,1,1,0,0,0,1,0,0,0,1
M,31,2,20,1,1,0,0,0,1,0,0,0,1
F,23,4,17,0,1,1,1,1,0,0,0,0,1
F,26,6,16,0,1,1,1,1,0,0,0,0,1
F,38,5,16,0,0,0,0,0,0,0,0,0,1
F,38,6,17,0,0,0,0,0,0,0,0,0,1
F,31,0,16,0,0,0,0,0,1,0,0,0,1
F,37,1,15,0,0,0,0,0,1,0,0,0,1
F,30,2,15,0,0,0,0,0,1,0,0,0,1
F,34,3,17,0,0,0,0,0,1,0,0,0,1
F,38,4,15,0,0,0,0,0,1,0,0,0,1
F,30,5,16,0,0,0,0,0,1,0,0,0,1
F,33,6,19,0,0,0,0,0,1,0,0,0,1
F,38,2,17,0,1,0,0,0,1,0,0,0,1
F,32,6,15,0,1,0,0,0,1,0,0,0,1
F,35,6,16,0,1,0,1,1,0,1,0,1,1
F,33,0,20,0,1,0,0,0,0,0,0,0,1
F,48,1,20,0,0,0,0,0,0,0,0,0,1
F,40,3,15,0,0,0,0,0,0,0,0,0,1
M,38,2,23,0,0,0,0,0,0,0,0,0,0
F,30,3,15,1,1,1,0,1,1,1,1,1,1
F,38,3,20,1,1,1,0,1,1,1,1,1,1
F,31,4,15,1,1,1,0,1,1,1,1,1,1
F,32,4,19,1,1,1,0,1,1,1,1,1,1
F,57,5,13,1,1,1,1,0,1,1,0,0,1
F,28,0,17,0,1,0,0,0,1,0,0,0,1
F,21,2,16,0,1,0,0,0,1,0,0,0,1
F,20,4,19,0,1,0,0,0,1,0,0,0,1
F,29,5,17,0,1,0,0,0,1,0,0,0,1
F,36,0,14,0,1,1,1,1,1,1,1,1,1
F,39,2,12,0,1,1,1,1,1,1,1,1,1
F,36,4,14,0,1,1,1,1,1,1,1,1,1
F,34,5,12,0,1,0,0,0,1,0,0,0,1
F,36,6,15,0,1,0,0,0,1,0,0,0,1
M,42,5,15,0,1,0,1,1,0,0,0,0,0
M,40,5,18,0,1,0,1,1,0,0,0,0,0
M,44,6,15,0,1,0,1,1,0,0,0,0,0
M,45,6,18,0,1,0,1,1,0,0,0,0,0
F,30,1,18,0,1,0,0,0,0,0,0,0,0
F,38,5,15,0,1,0,0,0,0,0,0,0,0
F,35,5,15,0,0,0,0,0,1,0,0,0,1
F,38,6,15,0,0,0,0,0,1,0,0,0,1
F,68,0,12,0,1,0,0,0,0,0,0,0,1
F,66,2,11,0,1,0,0,0,0,0,0,0,1
F,70,4,13,0,1,0,0,0,0,0,0,0,1
F,34,0,14,1,1,1,1,1,1,1,0,1,1
F,30,0,18,1,1,1,1,1,1,1,0,1,1
F,34,1,14,1,1,1,1,1,1,1,0,1,1
F,32,1,19,1,1,1,1,1,1,1,0,1,1
F,35,2,13,1,1,1,1,1,1,1,0,1,1
F,35,2,15,1,1,1,1,1,1,1,0,1,1
F,31,3,15,1,1,1,1,1,1,1,0,1,1
F,33,3,18,1,1,1,1,1,1,1,0,1,1
F,33,4,15,1,1,1,1,1,1,1,0,1,1
F,35,4,18,1,1,1,1,1,1,1,0,1,1
F,32,6,12,1,1,1,1,1,1,1,0,1,1
F,33,6,17,1,1,1,1,1,1,1,0,1,1
F,20,3,18,1,1,1,0,0,0,0,1,0,1
F,33,0,12,1,1,0,0,0,1,0,0,0,1
F,34,1,12,1,1,0,0,0,1,0,0,0,1
F,35,2,11,1,1,0,0,0,1,0,0,0,1
F,37,3,14,1,1,0,0,0,1,0,0,0,1
F,38,4,16,1,1,0,0,0,1,0,1,0,1
F,39,5,20,1,1,0,0,0,1,0,1,0,1
F,30,5,15,0,1,0,0,0,1,0,0,0,1
F,39,6,14,0,1,0,0,0,1,0,0,0,1
F,36,5,9,0,1,0,0,0,0,0,0,0,1
F,36,6,6,0,1,0,0,0,0,0,0,0,1
F,37,0,15,0,1,0,0,0,1,0,0,0,1
F,33,0,19,0,1,0,0,0,1,0,0,0,1
F,39,4,13,0,1,0,0,0,1,0,0,0,1
F,34,4,16,0,1,0,0,0,1,0,0,0,1
F,34,6,13,0,1,0,0,0,1,0,0,0,1
F,33,6,18,0,1,0,0,0,1,0,0,0,1
F,36,5,14,1,1,0,1,1,1,1,0,0,1
F,38,5,20,1,1,0,1,1,1,1,0,0,1
F,39,6,11,1,1,0,1,1,1,1,0,0,1
F,34,6,15,1,1,0,1,1,1,1,0,0,1
F,30,0,13,0,1,0,0,1,1,1,0,0,1
F,35,0,15,0,1,0,0,1,1,1,0,0,1
F,31,4,15,0,1,0,0,1,1,1,0,0,1
F,34,4,15,0,1,0,0,1,1,1,0,0,1
F,30,6,11,0,1,0,0,1,1,1,0,0,1
F,35,6,16,0,1,0,0,1,1,1,0,0,1
F,76,0,8,0,1,1,0,1,0,0,0,0,1
F,67,0,19,0,1,1,0,1,0,0,0,0,1
F,79,5,8,0,1,1,0,1,0,0,0,0,1
F,79,5,17,0,1,1,0,1,0,0,0,0,1
F,67,0,13,0,1,0,0,0,1,0,0,0,1
F,72,0,18,0,1,0,0,0,1,0,0,0,1
F,67,2,14,0,1,0,0,0,1,0,0,0,1
F,69,2,18,0,1,0,0,0,1,0,0,0,1
F,74,3,11,0,1,0,0,0,1,0,0,0,1
F,80,3,19,0,1,0,0,0,1,0,0,0,1
F,68,4,11,0,1,0,0,0,1,0,0,0,1
F,68,4,17,0,1,0,0,0,1,0,0,0,1
F,74,0,15,0,1,1,0,1,1,0,0,0,1
M,33,0,17,0,1,0,0,0,1,0,0,0,1
M,34,1,20,0,1,0,0,0,1,0,0,0,1
M,37,2,20,0,1,0,0,0,1,0,0,0,1
M,37,3,18,0,1,0,0,0,1,0,0,0,1
M,39,4,17,0,1,0,0,0,1,0,0,0,1
M,32,5,17,0,1,0,0,0,1,0,0,0,1
M,35,6,16,0,1,0,0,0,1,0,0,0,1
M,36,5,18,1,1,1,1,1,1,1,0,0,1
M,31,6,16,1,1,1,1,1,1,1,0,0,1
F,70,3,7,0,0,0,0,0,0,0,0,0,1
F,69,4,8,0,0,0,0,0,0,0,0,0,1
F,35,2,15,1,1,0,0,0,1,0,0,0,1
M,31,2,3,0,1,0,0,0,0,0,0,0,1
M,37,4,22,0,1,0,0,0,0,0,0,0,1
F,35,5,9,1,0,0,0,0,1,0,0,0,0
F,36,6,9,1,0,0,0,0,1,0,0,0,0
F,62,1,9,0,1,0,0,1,1,0,0,0,1
F,69,4,10,0,1,0,0,1,1,0,0,0,1
F,30,5,14,1,1,1,1,1,1,0,1,0,0
F,38,5,19,1,1,1,1,1,1,0,1,0,0
F,33,6,12,1,1,1,1,1,1,0,1,0,0
F,32,6,16,1,1,1,1,1,1,0,1,0,0
F,64,5,6,1,1,1,0,1,1,1,0,1,0
M,31,4,12,0,1,1,0,1,1,1,1,1,1
M,36,4,16,0,1,1,0,1,1,1,1,1,1
M,37,5,12,0,1,1,0,1,1,1,1,1,1
M,32,5,15,0,1,1,0,1,1,1,1,1,1
M,36,6,11,0,1,1,0,1,1,1,1,1,1
M,30,6,16,0,1,1,0,1,1,1,1,1,1
M,38,4,15,1,0,0,0,0,1,0,1,0,1
F,33,5,15,0,1,0,0,0,1,0,0,0,1
F,78,2,12,0,0,0,0,1,0,0,0,0,1
F,65,5,13,0,0,0,0,1,0,0,0,0,1
F,77,6,11,0,0,0,0,1,0,0,0,0,1
F,42,0,12,0,1,0,0,0,0,0,0,0,1
F,46,5,15,0,1,0,0,0,0,0,0,0,1
F,40,4,14,1,1,0,0,1,1,0,0,0,1
F,49,5,15,1,1,0,0,1,1,0,0,0,1
F,45,5,15,1,1,1,0,0,0,0,0,0,1
F,43,6,15,1,1,1,0,0,0,0,0,0,1
M,35,4,10,0,1,0,0,0,1,0,1,0,1
M,35,4,15,0,1,0,0,0,1,0,1,0,1
M,37,4,17,0,1,0,0,0,1,0,1,0,1
M,34,4,4,0,1,0,0,0,1,0,1,0,1
M,35,5,9,0,1,0,0,0,1,0,1,0,1
M,30,5,13,0,1,0,0,0,1,0,1,0,1
M,35,5,18,0,1,0,0,0,1,0,1,0,1
M,36,5,1,0,1,0,0,0,1,0,1,0,1
M,32,6,9,0,1,0,0,0,1,0,1,0,1
M,35,6,13,0,1,0,0,0,1,0,1,0,1
M,36,6,20,0,1,0,0,0,1,0,1,0,1
M,35,6,21,0,1,0,0,0,1,0,1,0,1
F,49,5,6,0,1,0,0,0,0,0,0,0,1
F,49,6,6,0,1,0,0,0,0,0,0,0,1
F,31,0,17,0,1,0,0,0,1,0,1,0,1
F,35,5,17,0,1,0,0,0,1,0,1,0,1
F,36,6,15,0,1,0,0,0,1,0,1,0,1
F,36,5,9,1,1,0,0,0,0,0,0,0,1
F,35,5,13,0,1,0,0,0,1,0,0,0,1
F,37,2,15,1,1,0,1,0,0,0,0,0,0
F,33,5,15,1,1,0,1,0,0,0,0,0,0
F,33,4,16,0,1,0,0,0,0,0,0,1,1
F,36,5,18,0,1,0,0,0,0,0,0,1,1
F,34,6,19,0,1,0,0,0,0,0,0,1,1
F,34,0,12,1,1,1,1,1,1,0,0,0,1
F,35,1,14,1,1,1,1,1,1,0,0,0,1
F,36,2,14,1,1,1,1,1,1,0,0,0,1
F,30,3,11,1,1,1,1,1,1,0,0,0,1
F,31,4,12,1,1,1,1,1,1,0,0,0,1
M,27,5,5,0,1,1,1,0,1,0,1,0,1
M,21,6,6,0,1,1,1,0,1,0,1,0,1
F,24,0,20,0,0,1,0,0,1,1,1,0,1
M,25,5,15,0,0,0,0,0,0,0,0,0,1
F,27,4,12,1,1,0,0,0,1,0,1,0,1
F,29,4,15,1,1,0,0,0,1,0,1,0,1
F,29,5,12,1,1,0,0,0,1,0,1,0,1
F,28,5,16,1,1,0,0,0,1,0,1,0,1
F,27,5,18,1,1,1,0,1,1,0,0,0,1
F,26,6,15,1,1,1,0,1,1,0,0,0,1
F,24,5,15,0,1,0,0,1,1,0,1,0,1
F,26,5,19,0,1,0,0,1,1,0,1,0,1
F,25,6,15,0,1,0,0,1,1,0,1,0,1
F,25,6,20,0,1,0,0,1,1,0,1,0,1
M,22,5,18,1,1,1,1,1,1,1,1,1,1
M,21,6,20,1,1,1,1,1,1,1,1,1,1
F,24,5,18,1,1,1,0,1,1,0,0,0,1
F,28,0,19,0,1,1,1,1,1,0,0,0,1
F,22,0,2,0,1,1,1,1,1,0,0,0,1
F,26,4,20,0,1,1,1,1,1,0,0,0,1
F,22,4,23,0,1,1,1,1,1,0,0,0,1
F,27,5,19,0,1,1,1,1,1,0,0,0,1
F,24,5,1,0,1,1,1,1,1,0,0,0,1
F,23,6,20,0,1,1,1,1,1,0,0,0,1
F,25,6,1,0,1,1,1,1,1,0,0,0,1
F,21,0,8,0,0,1,0,1,1,0,0,0,1
F,21,0,15,0,0,1,0,1,1,0,0,0,1
F,26,4,7,0,0,1,0,1,1,0,0,0,1
F,27,4,15,0,0,1,0,1,1,0,0,0,1
F,28,0,20,0,1,0,0,0,0,0,0,0,1
F,26,4,18,0,1,0,0,0,0,0,0,0,1
M,25,4,5,1,1,1,1,1,1,0,1,0,1
M,21,5,8,1,1,1,1,1,1,0,1,0,1
M,27,6,8,1,1,1,1,1,1,0,1,0,1
F,20,5,18,1,1,1,1,1,1,0,0,0,1
F,23,6,15,1,1,1,1,1,1,0,0,0,1
F,26,0,15,1,1,0,0,1,1,0,0,0,1
F,21,3,15,1,1,0,0,1,1,0,0,0,1
F,26,5,15,1,1,0,0,1,1,0,0,0,1
F,28,0,18,0,1,0,0,1,1,0,0,0,1
F,29,1,18,0,1,0,0,1,1,0,0,0,1
F,27,2,19,0,1,0,0,1,1,0,0,0,1
F,18,5,11,0,1,0,0,0,1,0,0,0,1
F,15,5,17,0,1,0,0,0,1,0,0,0,1
F,16,6,12,0,1,0,0,0,1,0,0,0,1
F,18,6,18,0,1,0,0,0,1,0,0,0,1
F,21,0,1,0,1,1,0,1,1,0,0,0,1
F,24,6,21,0,1,1,0,1,1,0,0,0,1
F,15,2,17,0,1,0,0,1,1,0,0,0,1
F,17,5,15,0,1,0,0,1,1,0,0,0,1
F,32,0,20,0,0,1,0,1,1,0,0,0,1
F,38,2,15,0,0,1,0,1,1,0,0,0,1
F,39,4,15,0,0,1,0,1,1,0,0,0,1
F,23,1,20,0,1,0,0,0,0,0,0,0,1
F,23,5,18,0,1,0,0,0,0,0,0,0,1
F,26,6,19,0,1,0,0,0,0,0,0,0,1
F,29,3,12,0,1,0,0,0,1,0,0,1,1
F,29,0,19,0,0,1,1,1,0,0,0,0,1
F,29,0,1,0,0,1,1,1,0,0,0,0,1
F,26,4,17,0,0,1,1,1,0,0,0,0,1
F,26,4,21,0,0,1,1,1,0,0,0,0,1
M,29,0,17,1,1,1,1,1,1,0,0,0,1
M,28,1,19,1,1,1,1,1,1,0,0,0,1
M,24,2,16,1,1,1,1,1,1,0,0,0,1
M,22,3,19,1,1,1,1,1,1,0,0,0,1
M,26,4,17,1,1,1,1,1,1,0,0,0,1
M,26,5,16,1,1,1,1,1,1,0,0,0,1
M,23,6,17,1,1,1,1,1,1,0,0,0,1
M,58,0,15,0,1,1,1,1,1,1,0,0,1
M,56,1,18,0,1,1,1,1,1,1,0,0,1
M,52,2,15,0,1,1,1,1,1,1,0,0,1
M,51,3,20,0,1,1,1,1,1,1,0,0,1
M,53,4,18,0,1,1,1,1,1,1,0,0,1
M,58,5,20,0,1,1,1,1,1,1,0,0,1
M,59,6,18,0,1,1,1,1,1,1,0,0,1
M,25,5,11,1,1,0,0,0,1,0,1,0,1
M,21,5,20,1,1,0,0,0,1,0,1,0,1
M,26,6,13,1,1,0,0,0,1,0,1,0,1
M,28,6,17,1,1,0,0,0,1,0,1,0,1
M,30,0,20,0,1,0,0,1,1,0,1,0,1
M,38,2,19,0,1,0,0,1,1,0,1,0,1
M,22,5,19,0,0,1,0,0,1,1,0,0,1
M,28,6,19,0,0,1,0,0,1,1,0,0,1
M,38,5,23,1,1,1,0,0,1,0,1,0,1
M,31,6,22,1,1,1,0,0,1,0,1,0,1
M,34,0,17,1,1,1,0,0,1,0,1,0,1
M,38,2,15,1,1,1,0,0,1,0,1,0,1
F,20,0,16,0,1,0,0,0,1,0,1,0,1
F,29,1,15,0,1,0,0,0,1,0,1,0,1
F,29,2,19,0,1,0,0,0,1,0,1,0,1
F,29,3,16,0,1,0,0,0,1,0,1,0,1
M,37,0,18,0,1,0,0,0,0,0,0,0,1
M,30,6,18,0,1,0,0,0,0,0,0,0,1
M,37,1,18,1,1,1,0,1,1,0,0,0,1
M,38,5,18,1,1,1,0,1,1,0,0,0,1
M,30,6,19,1,1,1,0,1,1,0,0,0,1
M,26,5,11,0,1,0,0,0,1,0,1,0,1
M,25,5,15,0,1,1,0,1,0,0,0,0,1
F,20,0,20,0,1,0,0,0,0,0,0,0,1
F,24,5,19,0,1,0,0,0,0,0,0,0,1
F,27,6,18,0,1,0,0,0,0,0,0,0,1
M,32,2,20,1,1,1,1,1,1,0,1,0,1
M,36,5,16,1,1,1,1,1,1,0,1,0,1
F,38,2,16,1,1,1,0,0,1,1,0,1,1
F,39,4,15,1,1,1,0,0,1,1,0,1,1
M,48,2,20,1,1,0,0,0,1,0,1,0,1
M,44,5,17,1,1,0,0,0,1,0,1,0,1
M,47,6,20,1,1,0,0,0,1,0,1,0,1
F,21,0,20,1,1,1,0,1,1,0,0,0,1
F,24,2,18,1,1,1,0,1,1,0,0,0,1
F,28,5,19,1,1,1,0,1,1,0,0,0,1
F,23,6,16,1,1,1,0,1,1,0,0,0,1
M,45,2,17,1,1,1,0,1,0,1,0,1,1
M,46,6,15,1,1,1,0,1,0,1,0,1,1
M,31,5,20,0,1,0,0,0,0,0,0,0,1
M,39,6,20,0,1,0,0,0,0,0,0,0,1
F,20,2,18,0,1,0,0,0,0,0,0,0,1
F,23,5,16,0,1,0,0,0,0,0,0,0,1
F,28,4,18,1,1,1,1,1,1,1,1,0,1
F,28,5,18,1,1,1,1,1,1,1,1,0,1
F,25,2,19,0,1,0,0,0,0,0,0,0,1
F,29,4,16,0,1,0,0,0,0,0,0,0,1
F,15,5,20,1,1,1,0,1,1,0,0,0,1
F,14,6,15,1,1,1,0,1,1,0,0,0,1
F,24,5,13,1,0,0,0,0,0,0,0,0,1
F,23,0,11,1,0,1,0,1,1,1,0,1,0
F,21,1,15,1,0,1,0,1,1,1,0,1,0
F,21,2,15,1,0,1,0,1,1,1,0,1,0
F,27,3,12,1,0,1,0,1,1,1,0,1,0
F,23,4,11,1,0,1,0,1,1,1,0,1,0
F,22,5,13,1,0,1,0,1,1,1,0,1,0
F,25,6,14,1,0,1,0,1,1,1,0,1,0
F,19,0,15,1,1,1,1,1,1,1,1,0,1
F,17,2,12,1,1,1,1,1,1,1,1,0,1
F,17,4,15,1,1,1,1,1,1,1,1,0,1
M,27,5,10,0,0,0,0,0,1,0,0,0,1
M,20,5,11,0,0,0,0,0,1,0,0,0,1
M,23,6,5,0,0,0,0,0,1,0,0,0,1
M,26,6,13,0,0,0,0,0,1,0,0,0,1
F,29,5,12,0,1,0,0,0,1,0,0,0,1
F,20,6,12,0,1,0,0,0,1,0,0,0,1
F,24,4,19,0,1,0,0,0,1,0,0,0,1
F,22,5,15,0,1,0,0,0,1,0,0,0,1
F,22,6,19,0,1,0,0,0,1,0,0,0,1
F,24,5,18,0,0,1,0,1,1,1,0,0,1
F,18,0,18,1,0,1,1,1,1,1,0,0,1
F,18,3,17,1,0,1,1,1,1,1,0,0,1
F,35,0,15,0,1,0,0,0,1,1,1,1,0
F,39,5,15,0,1,0,0,0,1,1,1,1,0
M,32,3,17,1,1,0,0,0,1,0,1,0,1
M,24,5,17,0,0,0,0,0,1,0,0,0,1
M,23,5,13,1,1,1,1,1,1,1,1,1,1
M,24,6,15,1,1,1,1,1,1,1,1,1,1
M,22,4,20,0,0,0,0,0,0,0,0,0,1
F,30,5,16,0,0,0,0,0,1,0,1,0,1
F,37,6,20,0,0,0,0,0,1,0,1,0,1
M,20,5,13,0,1,1,0,1,1,0,0,0,1
M,26,6,11,0,1,1,0,1,1,0,0,0,1
F,23,5,11,1,1,1,1,0,1,1,1,0,1
F,27,5,18,1,1,1,1,0,1,1,1,0,1
F,27,6,11,1,1,1,1,0,1,1,1,0,1
F,20,6,18,1,1,1,1,0,1,1,1,0,1
F,36,0,7,1,1,1,1,1,1,1,1,1,1
F,33,0,15,1,1,1,1,1,1,1,1,1,1
F,30,0,18,1,1,1,1,1,1,1,1,1,1
F,37,1,10,1,1,1,1,1,1,1,1,1,1
F,36,1,12,1,1,1,1,1,1,1,1,1,1
F,37,1,20,1,1,1,1,1,1,1,1,1,1
F,34,2,7,1,1,1,1,1,1,1,1,1,1
F,32,2,12,1,1,1,1,1,1,1,1,1,1
F,32,2,20,1,1,1,1,1,1,1,1,1,1
F,31,3,5,1,1,1,1,1,1,1,1,1,1
F,37,3,13,1,1,1,1,1,1,1,1,1,1
F,32,3,15,1,1,1,1,1,1,1,1,1,1
F,39,4,8,1,1,1,1,1,1,1,1,1,1
F,39,4,12,1,1,1,1,1,1,1,1,1,1
F,38,4,16,1,1,1,1,1,1,1,1,1,1
F,37,5,5,1,1,1,1,1,1,1,1,1,1
F,34,5,11,1,1,1,1,1,1,1,1,1,1
F,30,5,18,1,1,1,1,1,1,1,1,1,1
F,32,6,6,1,1,1,1,1,1,1,1,1,1
F,34,6,11,1,1,1,1,1,1,1,1,1,1
F,33,6,17,1,1,1,1,1,1,1,1,1,1
M,22,0,18,0,1,0,0,0,0,0,0,0,1
M,29,1,20,0,1,0,0,0,0,0,0,0,1
M,20,2,20,0,1,0,0,0,0,0,0,0,1
M,23,3,17,0,1,0,0,0,0,0,0,0,1
M,26,4,19,0,1,0,0,0,0,0,0,0,1
M,21,5,15,0,1,0,0,0,0,0,0,0,1
M,28,6,17,0,1,0,0,0,0,0,0,0,1
F,37,5,16,0,1,0,0,0,1,0,0,0,1
F,37,6,16,0,1,0,0,0,1,0,0,0,1
M,39,4,18,0,1,0,0,0,0,0,0,0,1
M,31,5,18,0,1,0,0,0,0,0,0,0,1
F,31,1,18,0,1,0,0,0,1,0,0,0,1
F,35,3,19,0,1,0,0,0,1,0,0,0,1
F,39,1,10,0,0,0,1,1,1,0,1,1,0
F,37,1,11,0,0,0,1,1,1,0,1,1,0
F,32,4,7,0,0,0,1,1,1,0,1,1,0
F,32,4,14,0,0,0,1,1,1,0,1,1,0
M,29,0,4,1,1,1,0,1,1,0,1,0,1
F,38,0,19,1,1,1,0,1,1,0,1,0,1
F,36,5,17,1,1,1,0,1,1,0,1,0,1
F,39,0,15,1,1,1,0,1,1,0,1,0,1
F,37,2,17,0,1,0,0,1,1,0,1,1,1
F,30,5,19,0,1,0,0,1,1,0,1,1,1
M,27,0,15,1,1,0,0,0,1,0,0,0,1
M,20,0,15,1,1,0,0,0,1,0,0,0,1
M,25,1,15,1,1,0,0,0,1,0,0,0,1
M,28,1,16,1,1,0,0,0,1,0,0,0,1
M,25,2,14,1,1,0,0,0,1,0,0,0,1
M,21,2,16,1,1,0,0,0,1,0,0,0,1
M,28,3,12,1,1,0,0,0,1,0,0,0,1
M,24,3,18,1,1,0,0,0,1,0,0,0,1
M,25,4,11,1,1,0,0,0,1,0,0,0,1
M,22,4,18,1,1,0,0,0,1,0,0,0,1
M,25,5,13,1,1,0,0,0,1,0,0,0,1
M,27,5,20,1,1,0,0,0,1,0,0,0,1
M,23,6,15,1,1,0,0,0,1,0,0,0,1
M,22,6,17,1,1,0,0,0,1,0,0,0,1
F,35,1,21,1,1,0,0,1,1,0,1,0,1
F,32,3,2,1,1,0,0,1,1,0,1,0,1
F,38,5,23,1,1,0,0,1,1,0,1,0,1
F,21,6,21,1,0,1,1,1,0,0,0,1,1
M,38,5,17,1,1,1,1,1,1,1,1,1,0
M,31,6,19,1,1,1,1,1,1,1,1,1,0
F,39,4,18,0,0,1,1,0,1,0,1,0,1
F,30,4,22,0,0,1,1,0,1,0,1,0,1
F,30,5,15,0,0,1,1,0,1,0,1,0,1
F,37,5,23,0,0,1,1,0,1,0,1,0,1
M,20,5,17,1,0,1,0,1,1,0,1,0,1
M,29,6,15,1,0,1,0,1,1,0,1,0,1
M,31,5,14,0,0,0,0,0,1,0,0,0,1
M,31,6,14,0,0,0,0,0,1,0,0,0,1
M,28,5,19,1,1,1,0,0,1,0,1,0,1
M,21,6,20,1,1,1,0,0,1,0,1,0,1
M,27,2,17,1,1,1,0,1,1,1,1,1,1
M,27,4,19,1,1,1,0,1,1,1,1,1,1
M,23,6,19,0,1,1,1,1,1,1,0,0,1
F,74,2,20,0,1,1,0,1,0,0,0,0,1
F,25,5,15,1,1,1,0,1,1,0,0,0,1
M,48,5,15,0,1,0,0,0,1,0,1,0,1
M,43,6,15,0,1,0,0,0,1,0,1,0,1
M,23,5,12,1,0,1,1,1,0,1,0,0,1
M,24,5,15,1,0,1,1,1,0,1,0,0,1
M,24,6,12,1,0,1,1,1,0,1,0,0,1
M,27,6,16,1,0,1,1,1,0,1,0,0,1
M,46,0,15,0,1,0,0,0,1,0,0,0,1
M,42,1,20,0,1,0,0,0,1,0,0,0,1
M,42,2,17,0,1,0,0,0,1,0,0,0,1
M,45,3,16,0,1,0,0,0,1,0,0,0,1
M,40,4,18,0,1,0,0,0,1,0,0,0,1
M,43,5,20,0,1,0,0,0,1,0,0,0,1
M,40,6,15,0,1,0,0,0,1,0,0,0,1
M,52,1,10,1,1,1,0,1,0,0,0,0,1
F,52,5,15,0,1,0,0,0,1,0,0,0,1
F,59,6,13,0,1,0,0,0,1,0,0,0,1
M,53,5,14,0,1,0,0,0,0,0,0,0,1
F,49,4,13,1,1,1,0,1,1,0,0,0,1
F,47,4,15,1,1,1,0,1,1,0,0,0,1
F,44,5,12,1,1,1,0,1,1,0,0,0,1
F,43,5,16,1,1,1,0,1,1,0,0,0,1
M,32,1,10,0,1,0,0,0,1,0,1,0,1
M,38,5,5,0,1,0,0,0,1,0,1,0,1
M,37,6,7,0,1,0,0,0,1,0,1,0,1
F,44,2,16,0,1,0,0,0,0,0,1,1,0
F,42,4,16,0,1,0,0,0,0,0,1,1,0
F,38,1,12,0,1,0,0,0,1,0,0,0,1
F,39,3,14,0,1,0,0,0,1,0,0,0,1
F,39,5,13,0,1,0,0,0,1,0,0,0,1
M,32,0,16,1,1,1,1,1,1,1,1,1,1
M,39,1,20,1,1,1,1,1,1,1,1,1,1
M,31,2,15,1,1,1,1,1,1,1,1,1,1
M,39,3,20,1,1,1,1,1,1,1,1,1,1
M,31,4,20,1,1,1,1,1,1,1,1,1,1
F,31,1,12,0,1,1,1,1,1,0,0,0,0
F,38,6,14,0,1,1,1,1,1,0,0,0,0
F,34,5,16,1,1,0,0,1,1,1,1,0,1
F,37,6,15,1,1,0,0,1,1,1,1,0,1
M,49,5,14,1,0,1,0,1,0,0,0,0,1
M,46,5,23,1,0,1,0,1,0,0,0,0,1
M,49,6,15,1,0,1,0,1,0,0,0,0,1
M,45,6,21,1,0,1,0,1,0,0,0,0,1
F,49,2,9,1,1,0,0,0,1,0,1,0,1
F,43,5,5,1,1,0,0,0,1,0,1,0,1
F,46,6,7,1,1,0,0,0,1,0,1,0,1
M,30,2,12,1,1,0,0,0,1,0,0,0,1
M,36,2,19,1,1,0,0,0,1,0,0,0,1
F,24,4,15,0,1,1,1,1,0,0,0,0,1
F,23,6,20,0,1,1,1,1,0,0,0,0,1
F,34,5,15,0,0,0,0,0,0,0,0,0,1
F,38,6,20,0,0,0,0,0,0,0,0,0,1
F,30,0,20,0,0,0,0,0,1,0,0,0,1
F,35,1,17,0,0,0,0,0,1,0,0,0,1
F,38,2,18,0,0,0,0,0,1,0,0,0,1
F,32,3,17,0,0,0,0,0,1,0,0,0,1
F,37,4,20,0,0,0,0,0,1,0,0,0,1
F,37,5,19,0,0,0,0,0,1,0,0,0,1
F,38,6,18,0,0,0,0,0,1,0,0,0,1
F,34,2,18,0,1,0,0,0,1,0,0,0,1
F,30,6,18,0,1,0,0,0,1,0,0,0,1
F,39,6,19,0,1,0,1,1,0,1,0,1,1
F,34,0,19,0,1,0,0,0,0,0,0,0,1
F,46,1,16,0,0,0,0,0,0,0,0,0,1
F,42,3,15,0,0,0,0,0,0,0,0,0,1
M,31,2,22,0,0,0,0,0,0,0,0,0,0
F,32,3,15,1,1,1,0,1,1,1,1,1,1
F,33,3,15,1,1,1,0,1,1,1,1,1,1
F,32,4,15,1,1,1,0,1,1,1,1,1,1
F,36,4,20,1,1,1,0,1,1,1,1,1,1
F,51,5,14,1,1,1,1,0,1,1,0,0,1
F,29,0,18,0,1,0,0,0,1,0,0,0,1
F,21,2,19,0,1,0,0,0,1,0,0,0,1
F,22,4,18,0,1,0,0,0,1,0,0,0,1
F,20,5,18,0,1,0,0,0,1,0,0,0,1
F,36,0,15,0,1,1,1,1,1,1,1,1,1
F,32,2,14,0,1,1,1,1,1,1,1,1,1
F,35,4,13,0,1,1,1,1,1,1,1,1,1
F,32,5,13,0,1,0,0,0,1,0,0,0,1
F,39,6,14,0,1,0,0,0,1,0,0,0,1
M,40,5,13,0,1,0,1,1,0,0,0,0,0
M,49,5,17,0,1,0,1,1,0,0,0,0,0
M,47,6,14,0,1,0,1,1,0,0,0,0,0
M,47,6,19,0,1,0,1,1,0,0,0,0,0
F,31,1,15,0,1,0,0,0,0,0,0,0,0
F,34,5,19,0,1,0,0,0,0,0,0,0,0
F,31,5,11,0,0,0,0,0,1,0,0,0,1
F,30,6,13,0,0,0,0,0,1,0,0,0,1
F,66,0,15,0,1,0,0,0,0,0,0,0,1
F,63,2,14,0,1,0,0,0,0,0,0,0,1
F,71,4,12,0,1,0,0,0,0,0,0,0,1
F,36,0,11,1,1,1,1,1,1,1,0,1,1
F,37,0,19,1,1,1,1,1,1,1,0,1,1
F,37,1,12,1,1,1,1,1,1,1,0,1,1
F,31,1,16,1,1,1,1,1,1,1,0,1,1
F,34,2,13,1,1,1,1,1,1,1,0,1,1
F,39,2,19,1,1,1,1,1,1,1,0,1,1
F,33,3,12,1,1,1,1,1,1,1,0,1,1
F,30,3,16,1,1,1,1,1,1,1,0,1,1
F,36,4,14,1,1,1,1,1,1,1,0,1,1
F,30,4,18,1,1,1,1,1,1,1,0,1,1
F,39,6,13,1,1,1,1,1,1,1,0,1,1
F,35,6,19,1,1,1,1,1,1,1,0,1,1
F,28,3,19,1,1,1,0,0,0,0,1,0,1
F,30,0,12,1,1,0,0,0,1,0,0,0,1
F,39,1,12,1,1,0,0,0,1,0,0,0,1
F,36,2,13,1,1,0,0,0,1,0,0,0,1
F,34,3,13,1,1,0,0,0,1,0,0,0,1
F,34,4,18,1,1,0,0,0,1,0,1,0,1
F,30,5,20,1,1,0,0,0,1,0,1,0,1
F,35,5,13,0,1,0,0,0,1,0,0,0,1
F,39,6,11,0,1,0,0,0,1,0,0,0,1
F,37,5,8,0,1,0,0,0,0,0,0,0,1
F,32,6,10,0,1,0,0,0,0,0,0,0,1
F,37,0,14,0,1,0,0,0,1,0,0,0,1
F,33,0,19,0,1,0,0,0,1,0,0,0,1
F,35,4,11,0,1,0,0,0,1,0,0,0,1
F,37,4,17,0,1,0,0,0,1,0,0,0,1
F,36,6,12,0,1,0,0,0,1,0,0,0,1
F,39,6,18,0,1,0,0,0,1,0,0,0,1
F,34,5,12,1,1,0,1,1,1,1,0,0,1
F,31,5,16,1,1,0,1,1,1,1,0,0,1
F,34,6,15,1,1,0,1,1,1,1,0,0,1
F,37,6,17,1,1,0,1,1,1,1,0,0,1
F,37,0,12,0,1,0,0,1,1,1,0,0,1
F,30,0,15,0,1,0,0,1,1,1,0,0,1
F,35,4,11,0,1,0,0,1,1,1,0,0,1
F,30,4,15,0,1,0,0,1,1,1,0,0,1
F,37,6,15,0,1,0,0,1,1,1,0,0,1
F,32,6,20,0,1,0,0,1,1,1,0,0,1
F,79,0,9,0,1,1,0,1,0,0,0,0,1
F,75,0,19,0,1,1,0,1,0,0,0,0,1
F,66,5,7,0,1,1,0,1,0,0,0,0,1
F,61,5,16,0,1,1,0,1,0,0,0,0,1
F,62,0,11,0,1,0,0,0,1,0,0,0,1
F,80,0,20,0,1,0,0,0,1,0,0,0,1
F,80,2,11,0,1,0,0,0,1,0,0,0,1
F,68,2,20,0,1,0,0,0,1,0,0,0,1
F,63,3,11,0,1,0,0,0,1,0,0,0,1
F,60,3,18,0,1,0,0,0,1,0,0,0,1
F,75,4,14,0,1,0,0,0,1,0,0,0,1
F,78,4,17,0,1,0,0,0,1,0,0,0,1
F,80,0,19,0,1,1,0,1,1,0,0,0,1
M,30,0,20,0,1,0,0,0,1,0,0,0,1
M,33,1,19,0,1,0,0,0,1,0,0,0,1
M,38,2,15,0,1,0,0,0,1,0,0,0,1
M,35,3,17,0,1,0,0,0,1,0,0,0,1
M,36,4,20,0,1,0,0,0,1,0,0,0,1
M,32,5,16,0,1,0,0,0,1,0,0,0,1
M,31,6,17,0,1,0,0,0,1,0,0,0,1
M,34,5,20,1,1,1,1,1,1,1,0,0,1
M,39,6,16,1,1,1,1,1,1,1,0,0,1
F,77,3,5,0,0,0,0,0,0,0,0,0,1
F,73,4,5,0,0,0,0,0,0,0,0,0,1
F,38,2,11,1,1,0,0,0,1,0,0,0,1
M,30,2,0,0,1,0,0,0,0,0,0,0,1
M,30,4,3,0,1,0,0,0,0,0,0,0,1
F,36,5,8,1,0,0,0,0,1,0,0,0,0
F,32,6,10,1,0,0,0,0,1,0,0,0,0
F,61,1,5,0,1,0,0,1,1,0,0,0,1
F,75,4,9,0,1,0,0,1,1,0,0,0,1
F,37,5,11,1,1,1,1,1,1,0,1,0,0
F,37,5,18,1,1,1,1,1,1,0,1,0,0
F,37,6,12,1,1,1,1,1,1,0,1,0,0
F,36,6,18,1,1,1,1,1,1,0,1,0,0
F,65,5,9,1,1,1,0,1,1,1,0,1,0
M,37,4,13,0,1,1,0,1,1,1,1,1,1
M,33,4,15,0,1,1,0,1,1,1,1,1,1
M,38,5,14,0,1,1,0,1,1,1,1,1,1
M,32,5,17,0,1,1,0,1,1,1,1,1,1
M,33,6,14,0,1,1,0,1,1,1,1,1,1
M,30,6,16,0,1,1,0,1,1,1,1,1,1
M,34,4,18,1,0,0,0,0,1,0,1,0,1
F,36,5,13,0,1,0,0,0,1,0,0,0,1
F,69,2,13,0,0,0,0,1,0,0,0,0,1
F,64,5,14,0,0,0,0,1,0,0,0,0,1
F,68,6,14,0,0,0,0,1,0,0,0,0,1
F,47,0,14,0,1,0,0,0,0,0,0,0,1
F,44,5,14,0,1,0,0,0,0,0,0,0,1
F,41,4,12,1,1,0,0,1,1,0,0,0,1
F,48,5,13,1,1,0,0,1,1,0,0,0,1
F,42,5,12,1,1,1,0,0,0,0,0,0,1
F,41,6,15,1,1,1,0,0,0,0,0,0,1
M,30,4,8,0,1,0,0,0,1,0,1,0,1
M,33,4,14,0,1,0,0,0,1,0,1,0,1
M,33,4,18,0,1,0,0,0,1,0,1,0,1
M,37,4,2,0,1,0,0,0,1,0,1,0,1
M,31,5,7,0,1,0,0,0,1,0,1,0,1
M,38,5,11,0,1,0,0,0,1,0,1,0,1
M,30,5,17,0,1,0,0,0,1,0,1,0,1
M,37,5,3,0,1,0,0,0,1,0,1,0,1
M,33,6,9,0,1,0,0,0,1,0,1,0,1
M,30,6,12,0,1,0,0,0,1,0,1,0,1
M,31,6,20,0,1,0,0,0,1,0,1,0,1
M,31,6,2,0,1,0,0,0,1,0,1,0,1
F,44,5,8,0,1,0,0,0,0,0,0,0,1
F,41,6,10,0,1,0,0,0,0,0,0,0,1
F,34,0,19,0,1,0,0,0,1,0,1,0,1
F,35,5,20,0,1,0,0,0,1,0,1,0,1
F,38,6,18,0,1,0,0,0,1,0,1,0,1
F,31,5,10,1,1,0,0,0,0,0,0,0,1
F,31,5,11,0,1,0,0,0,1,0,0,0,1
F,37,2,11,1,1,0,1,0,0,0,0,0,0
F,32,5,12,1,1,0,1,0,0,0,0,0,0
F,39,4,17,0,1,0,0,0,0,0,0,1,1
F,37,5,15,0,1,0,0,0,0,0,0,1,1
F,30,6,18,0,1,0,0,0,0,0,0,1,1
F,34,0,14,1,1,1,1,1,1,0,0,0,1
F,34,1,13,1,1,1,1,1,1,0,0,0,1
F,39,2,14,1,1,1,1,1,1,0,0,0,1
F,37,3,12,1,1,1,1,1,1,0,0,0,1
F,31,4,14,1,1,1,1,1,1,0,0,0,1
M,27,5,10,0,1,1,1,0,1,0,1,0,1
M,24,6,8,0,1,1,1,0,1,0,1,0,1
F,27,0,20,0,0,1,0,0,1,1,1,0,1
M,27,5,17,0,0,0,0,0,0,0,0,0,1
F,29,4,12,1,1,0,0,0,1,0,1,0,1
F,22,4,16,1,1,0,0,0,1,0,1,0,1
F,20,5,11,1,1,0,0,0,1,0,1,0,1
F,27,5,17,1,1,0,0,0,1,0,1,0,1
F,22,5,20,1,1,1,0,1,1,0,0,0,1
F,29,6,18,1,1,1,0,1,1,0,0,0,1
F,23,5,15,0,1,0,0,1,1,0,1,0,1
F,21,5,15,0,1,0,0,1,1,0,1,0,1
F,28,6,11,0,1,0,0,1,1,0,1,0,1
F,25,6,18,0,1,0,0,1,1,0,1,0,1
M,28,5,17,1,1,1,1,1,1,1,1,1,1
M,23,6,15,1,1,1,1,1,1,1,1,1,1
F,22,5,15,1,1,1,0,1,1,0,0,0,1
F,28,0,20,0,1,1,1,1,1,0,0,0,1
F,26,0,22,0,1,1,1,1,1,0,0,0,1
F,29,4,20,0,1,1,1,1,1,0,0,0,1
F,20,4,1,0,1,1,1,1,1,0,0,0,1
F,25,5,20,0,1,1,1,1,1,0,0,0,1
F,26,5,23,0,1,1,1,1,1,0,0,0,1
F,26,6,15,0,1,1,1,1,1,0,0,0,1
F,25,6,2,0,1,1,1,1,1,0,0,0,1
F,29,0,7,0,0,1,0,1,1,0,0,0,1
F,21,0,17,0,0,1,0,1,1,0,0,0,1
F,23,4,5,0,0,1,0,1,1,0,0,0,1
F,24,4,19,0,0,1,0,1,1,0,0,0,1
F,28,0,17,0,1,0,0,0,0,0,0,0,1
F,23,4,15,0,1,0,0,0,0,0,0,0,1
M,23,4,6,1,1,1,1,1,1,0,1,0,1
M,25,5,7,1,1,1,1,1,1,0,1,0,1
M,24,6,5,1,1,1,1,1,1,0,1,0,1
F,24,5,15,1,1,1,1,1,1,0,0,0,1
F,28,6,19,1,1,1,1,1,1,0,0,0,1
F,29,0,12,1,1,0,0,1,1,0,0,0,1
F,27,3,12,1,1,0,0,1,1,0,0,0,1
F,22,5,15,1,1,0,0,1,1,0,0,0,1
F,29,0,15,0,1,0,0,1,1,0,0,0,1
F,20,1,20,0,1,0,0,1,1,0,0,0,1
F,20,2,20,0,1,0,0,1,1,0,0,0,1
F,15,5,13,0,1,0,0,0,1,0,0,0,1
F,15,5,17,0,1,0,0,0,1,0,0,0,1
F,12,6,15,0,1,0,0,0,1,0,0,0,1
F,16,6,18,0,1,0,0,0,1,0,0,0,1
F,24,0,23,0,1,1,0,1,1,0,0,0,1
F,27,6,21,0,1,1,0,1,1,0,0,0,1
F,18,2,15,0,1,0,0,1,1,0,0,0,1
F,13,5,18,0,1,0,0,1,1,0,0,0,1
F,35,0,16,0,0,1,0,1,1,0,0,0,1
F,32,2,18,0,0,1,0,1,1,0,0,0,1
F,35,4,20,0,0,1,0,1,1,0,0,0,1
F,20,1,20,0,1,0,0,0,0,0,0,0,1
F,24,5,17,0,1,0,0,0,0,0,0,0,1
F,26,6,15,0,1,0,0,0,0,0,0,0,1
F,27,3,15,0,1,0,0,0,1,0,0,1,1
F,21,0,20,0,0,1,1,1,0,0,0,0,1
F,20,0,1,0,0,1,1,1,0,0,0,0,1
F,21,4,17,0,0,1,1,1,0,0,0,0,1
F,25,4,22,0,0,1,1,1,0,0,0,0,1
M,24,0,20,1,1,1,1,1,1,0,0,0,1
M,27,1,17,1,1,1,1,1,1,0,0,0,1
M,22,2,16,1,1,1,1,1,1,0,0,0,1
M,29,3,15,1,1,1,1,1,1,0,0,0,1
M,24,4,16,1,1,1,1,1,1,0,0,0,1
M,28,5,19,1,1,1,1,1,1,0,0,0,1
M,24,6,20,1,1,1,1,1,1,0,0,0,1
M,59,0,15,0,1,1,1,1,1,1,0,0,1
M,54,1,17,0,1,1,1,1,1,1,0,0,1
M,57,2,18,0,1,1,1,1,1,1,0,0,1
M,58,3,18,0,1,1,1,1,1,1,0,0,1
M,57,4,19,0,1,1,1,1,1,1,0,0,1
M,52,5,17,0,1,1,1,1,1,1,0,0,1
M,58,6,16,0,1,1,1,1,1,1,0,0,1
M,20,5,15,1,1,0,0,0,1,0,1,0,1
M,21,5,16,1,1,0,0,0,1,0,1,0,1
M,26,6,14,1,1,0,0,0,1,0,1,0,1
M,21,6,19,1,1,0,0,0,1,0,1,0,1
M,37,0,16,0,1,0,0,1,1,0,1,0,1
M,31,2,20,0,1,0,0,1,1,0,1,0,1
M,22,5,16,0,0,1,0,0,1,1,0,0,1
M,22,6,18,0,0,1,0,0,1,1,0,0,1
M,38,5,23,1,1,1,0,0,1,0,1,0,1
M,31,6,23,1,1,1,0,0,1,0,1,0,1
M,32,0,20,1,1,1,0,0,1,0,1,0,1
M,37,2,20,1,1,1,0,0,1,0,1,0,1
F,28,0,19,0,1,0,0,0,1,0,1,0,1
F,27,1,16,0,1,0,0,0,1,0,1,0,1
F,20,2,18,0,1,0,0,0,1,0,1,0,1
F,21,3,15,0,1,0,0,0,1,0,1,0,1
M,30,0,15,0,1,0,0,0,0,0,0,0,1
M,34,6,20,0,1,0,0,0,0,0,0,0,1
M,31,1,18,1,1,1,0,1,1,0,0,0,1
M,30,5,15,1,1,1,0,1,1,0,0,0,1
M,36,6,15,1,1,1,0,1,1,0,0,0,1
M,28,5,15,0,1,0,0,0,1,0,1,0,1
M,21,5,13,0,1,1,0,1,0,0,0,0,1
F,24,0,19,0,1,0,0,0,0,0,0,0,1
F,26,5,16,0,1,0,0,0,0,0,0,0,1
F,25,6,18,0,1,0,0,0,0,0,0,0,1
M,37,2,17,1,1,1,1,1,1,0,1,0,1
M,30,5,16,1,1,1,1,1,1,0,1,0,1
F,30,2,17,1,1,1,0,0,1,1,0,1,1
F,31,4,20,1,1,1,0,0,1,1,0,1,1
M,48,2,15,1,1,0,0,0,1,0,1,0,1
M,42,5,17,1,1,0,0,0,1,0,1,0,1
M,44,6,20,1,1,0,0,0,1,0,1,0,1
F,22,0,17,1,1,1,0,1,1,0,0,0,1
F,22,2,20,1,1,1,0,1,1,0,0,0,1
F,29,5,19,1,1,1,0,1,1,0,0,0,1
F,22,6,15,1,1,1,0,1,1,0,0,0,1
M,44,2,15,1,1,1,0,1,0,1,0,1,1
M,41,6,20,1,1,1,0,1,0,1,0,1,1
M,34,5,20,0,1,0,0,0,0,0,0,0,1
M,39,6,18,0,1,0,0,0,0,0,0,0,1
F,24,2,18,0,1,0,0,0,0,0,0,0,1
F,25,5,16,0,1,0,0,0,0,0,0,0,1
F,26,4,20,1,1,1,1,1,1,1,1,0,1
F,25,5,19,1,1,1,1,1,1,1,1,0,1
F,24,2,17,0,1,0,0,0,0,0,0,0,1
F,28,4,16,0,1,0,0,0,0,0,0,0,1
F,18,5,16,1,1,1,0,1,1,0,0,0,1
F,17,6,17,1,1,1,0,1,1,0,0,0,1
F,20,5,15,1,0,0,0,0,0,0,0,0,1
F,23,0,13,1,0,1,0,1,1,1,0,1,0
F,21,1,14,1,0,1,0,1,1,1,0,1,0
F,26,2,15,1,0,1,0,1,1,1,0,1,0
F,23,3,12,1,0,1,0,1,1,1,0,1,0
F,22,4,14,1,0,1,0,1,1,1,0,1,0
F,29,5,12,1,0,1,0,1,1,1,0,1,0
F,20,6,14,1,0,1,0,1,1,1,0,1,0
F,12,0,12,1,1,1,1,1,1,1,1,0,1
F,13,2,12,1,1,1,1,1,1,1,1,0,1
F,19,4,15,1,1,1,1,1,1,1,1,0,1
M,23,5,5,0,0,0,0,0,1,0,0,0,1
M,22,5,11,0,0,0,0,0,1,0,0,0,1
M,25,6,8,0,0,0,0,0,1,0,0,0,1
M,24,6,12,0,0,0,0,0,1,0,0,0,1
F,27,5,15,0,1,0,0,0,1,0,0,0,1
F,26,6,13,0,1,0,0,0,1,0,0,0,1
F,29,4,20,0,1,0,0,0,1,0,0,0,1
F,22,5,16,0,1,0,0,0,1,0,0,0,1
F,26,6,17,0,1,0,0,0,1,0,0,0,1
F,25,5,19,0,0,1,0,1,1,1,0,0,1
F,16,0,15,1,0,1,1,1,1,1,0,0,1
F,13,3,18,1,0,1,1,1,1,1,0,0,1
F,39,0,13,0,1,0,0,0,1,1,1,1,0
F,37,5,13,0,1,0,0,0,1,1,1,1,0
M,37,3,19,1,1,0,0,0,1,0,1,0,1
M,26,5,17,0,0,0,0,0,1,0,0,0,1
M,23,5,12,1,1,1,1,1,1,1,1,1,1
M,20,6,13,1,1,1,1,1,1,1,1,1,1
M,25,4,19,0,0,0,0,0,0,0,0,0,1
F,33,5,15,0,0,0,0,0,1,0,1,0,1
F,32,6,20,0,0,0,0,0,1,0,1,0,1
M,25,5,14,0,1,1,0,1,1,0,0,0,1
M,27,6,14,0,1,1,0,1,1,0,0,0,1
F,27,5,15,1,1,1,1,0,1,1,1,0,1
F,20,5,18,1,1,1,1,0,1,1,1,0,1
F,23,6,15,1,1,1,1,0,1,1,1,0,1
F,27,6,16,1,1,1,1,0,1,1,1,0,1
F,33,0,8,1,1,1,1,1,1,1,1,1,1
F,35,0,12,1,1,1,1,1,1,1,1,1,1
F,36,0,20,1,1,1,1,1,1,1,1,1,1
F,36,1,5,1,1,1,1,1,1,1,1,1,1
F,31,1,15,1,1,1,1,1,1,1,1,1,1
F,31,1,17,1,1,1,1,1,1,1,1,1,1
F,39,2,10,1,1,1,1,1,1,1,1,1,1
F,35,2,12,1,1,1,1,1,1,1,1,1,1
F,34,2,19,1,1,1,1,1,1,1,1,1,1
F,32,3,10,1,1,1,1,1,1,1,1,1,1
F,32,3,15,1,1,1,1,1,1,1,1,1,1
F,34,3,16,1,1,1,1,1,1,1,1,1,1
F,31,4,6,1,1,1,1,1,1,1,1,1,1
F,31,4,13,1,1,1,1,1,1,1,1,1,1
F,38,4,17,1,1,1,1,1,1,1,1,1,1
F,31,5,9,1,1,1,1,1,1,1,1,1,1
F,36,5,13,1,1,1,1,1,1,1,1,1,1
F,37,5,15,1,1,1,1,1,1,1,1,1,1
F,31,6,6,1,1,1,1,1,1,1,1,1,1
F,31,6,11,1,1,1,1,1,1,1,1,1,1
F,35,6,18,1,1,1,1,1,1,1,1,1,1
M,25,0,18,0,1,0,0,0,0,0,0,0,1
M,27,1,16,0,1,0,0,0,0,0,0,0,1
M,24,2,17,0,1,0,0,0,0,0,0,0,1
M,24,3,17,0,1,0,0,0,0,0,0,0,1
M,29,4,18,0,1,0,0,0,0,0,0,0,1
M,21,5,19,0,1,0,0,0,0,0,0,0,1
M,28,6,20,0,1,0,0,0,0,0,0,0,1
F,31,5,20,0,1,0,0,0,1,0,0,0,1
F,32,6,19,0,1,0,0,0,1,0,0,0,1
M,33,4,15,0,1,0,0,0,0,0,0,0,1
M,34,5,16,0,1,0,0,0,0,0,0,0,1
F,31,1,17,0,1,0,0,0,1,0,0,0,1
F,36,3,16,0,1,0,0,0,1,0,0,0,1
F,32,1,9,0,0,0,1,1,1,0,1,1,0
F,33,1,14,0,0,0,1,1,1,0,1,1,0
F,37,4,9,0,0,0,1,1,1,0,1,1,0
F,30,4,12,0,0,0,1,1,1,0,1,1,0
M,23,0,23,1,1,1,0,1,1,0,1,0,1
F,38,0,19,1,1,1,0,1,1,0,1,0,1
F,30,5,20,1,1,1,0,1,1,0,1,0,1
F,34,0,13,1,1,1,0,1,1,0,1,0,1
F,33,2,15,0,1,0,0,1,1,0,1,1,1
F,35,5,18,0,1,0,0,1,1,0,1,1,1
M,29,0,11,1,1,0,0,0,1,0,0,0,1
M,24,0,19,1,1,0,0,0,1,0,0,0,1
M,25,1,14,1,1,0,0,0,1,0,0,0,1
M,24,1,18,1,1,0,0,0,1,0,0,0,1
M,28,2,12,1,1,0,0,0,1,0,0,0,1
M,28,2,16,1,1,0,0,0,1,0,0,0,1
M,29,3,12,1,1,0,0,0,1,0,0,0,1
M,24,3,15,1,1,0,0,0,1,0,0,0,1
M,25,4,11,1,1,0,0,0,1,0,0,0,1
M,22,4,17,1,1,0,0,0,1,0,0,0,1
M,20,5,11,1,1,0,0,0,1,0,0,0,1
M,20,5,16,1,1,0,0,0,1,0,0,0,1
M,29,6,14,1,1,0,0,0,1,0,0,0,1
M,23,6,19,1,1,0,0,0,1,0,0,0,1
F,32,1,23,1,1,0,0,1,1,0,1,0,1
F,33,3,22,1,1,0,0,1,1,0,1,0,1
F,38,5,2,1,1,0,0,1,1,0,1,0,1
F,24,6,21,1,0,1,1,1,0,0,0,1,1
M,36,5,17,1,1,1,1,1,1,1,1,1,0
M,34,6,17,1,1,1,1,1,1,1,1,1,0
F,35,4,16,0,0,1,1,0,1,0,1,0,1
F,38,4,22,0,0,1,1,0,1,0,1,0,1
F,30,5,18,0,0,1,1,0,1,0,1,0,1
F,30,5,0,0,0,1,1,0,1,0,1,0,1
M,28,5,18,1,0,1,0,1,1,0,1,0,1
M,22,6,17,1,0,1,0,1,1,0,1,0,1
M,39,5,13,0,0,0,0,0,1,0,0,0,1
M,33,6,12,0,0,0,0,0,1,0,0,0,1
M,20,5,20,1,1,1,0,0,1,0,1,0,1
M,20,6,19,1,1,1,0,0,1,0,1,0,1
M,29,2,16,1,1,1,0,1,1,1,1,1,1
M,21,4,17,1,1,1,0,1,1,1,1,1,1
M,21,6,15,0,1,1,1,1,1,1,0,0,1
F,66,2,15,0,1,1,0,1,0,0,0,0,1
F,26,5,15,1,1,1,0,1,1,0,0,0,1
M,47,5,15,0,1,0,0,0,1,0,1,0,1
M,43,6,20,0,1,0,0,0,1,0,1,0,1
M,23,5,13,1,0,1,1,1,0,1,0,0,1
M,25,5,17,1,0,1,1,1,0,1,0,0,1
M,22,6,12,1,0,1,1,1,0,1,0,0,1
M,22,6,17,1,0,1,1,1,0,1,0,0,1
M,43,0,15,0,1,0,0,0,1,0,0,0,1
M,48,1,20,0,1,0,0,0,1,0,0,0,1
M,49,2,17,0,1,0,0,0,1,0,0,0,1
M,41,3,17,0,1,0,0,0,1,0,0,0,1
M,44,4,15,0,1,0,0,0,1,0,0,0,1
M,47,5,19,0,1,0,0,0,1,0,0,0,1
M,48,6,20,0,1,0,0,0,1,0,0,0,1
M,54,1,7,1,1,1,0,1,0,0,0,0,1
F,52,5,14,0,1,0,0,0,1,0,0,0,1
F,53,6,14,0,1,0,0,0,1,0,0,0,1
M,59,5,15,0,1,0,0,0,0,0,0,0,1
F,40,4,14,1,1,1,0,1,1,0,0,0,1
F,49,4,17,1,1,1,0,1,1,0,0,0,1
F,47,5,12,1,1,1,0,1,1,0,0,0,1
F,43,5,18,1,1,1,0,1,1,0,0,0,1
M,38,1,6,0,1,0,0,0,1,0,1,0,1
M,31,5,8,0,1,0,0,0,1,0,1,0,1
M,31,6,9,0,1,0,0,0,1,0,1,0,1
F,48,2,17,0,1,0,0,0,0,0,1,1,0
F,46,4,18,0,1,0,0,0,0,0,1,1,0
F,33,1,11,0,1,0,0,0,1,0,0,0,1
F,33,3,14,0,1,0,0,0,1,0,0,0,1
F,36,5,12,0,1,0,0,0,1,0,0,0,1
M,36,0,18,1,1,1,1,1,1,1,1,1,1
M,35,1,20,1,1,1,1,1,1,1,1,1,1
M,30,2,15,1,1,1,1,1,1,1,1,1,1
M,33,3,15,1,1,1,1,1,1,1,1,1,1
M,32,4,15,1,1,1,1,1,1,1,1,1,1
F,32,1,15,0,1,1,1,1,1,0,0,0,0
F,34,6,14,0,1,1,1,1,1,0,0,0,0
F,36,5,16,1,1,0,0,1,1,1,1,0,1
F,34,6,19,1,1,0,0,1,1,1,1,0,1
M,40,5,14,1,0,1,0,1,0,0,0,0,1
M,47,5,21,1,0,1,0,1,0,0,0,0,1
M,44,6,13,1,0,1,0,1,0,0,0,0,1
M,45,6,3,1,0,1,0,1,0,0,0,0,1
F,47,2,8,1,1,0,0,0,1,0,1,0,1
F,46,5,8,1,1,0,0,0,1,0,1,0,1
F,41,6,6,1,1,0,0,0,1,0,1,0,1
M,39,2,14,1,1,0,0,0,1,0,0,0,1
M,35,2,19,1,1,0,0,0,1,0,0,0,1
F,22,4,19,0,1,1,1,1,0,0,0,0,1
F,26,6,15,0,1,1,1,1,0,0,0,0,1
F,34,5,18,0,0,0,0,0,0,0,0,0,1
F,38,6,17,0,0,0,0,0,0,0,0,0,1
F,39,0,17,0,0,0,0,0,1,0,0,0,1
F,35,1,17,0,0,0,0,0,1,0,0,0,1
F,37,2,19,0,0,0,0,0,1,0,0,0,1
F,36,3,16,0,0,0,0,0,1,0,0,0,1
F,35,4,15,0,0,0,0,0,1,0,0,0,1
F,38,5,15,0,0,0,0,0,1,0,0,0,1
F,33,6,19,0,0,0,0,0,1,0,0,0,1
F,37,2,18,0,1,0,0,0,1,0,0,0,1
F,34,6,16,0,1,0,0,0,1,0,0,0,1
F,30,6,20,0,1,0,1,1,0,1,0,1,1
F,36,0,19,0,1,0,0,0,0,0,0,0,1
F,49,1,17,0,0,0,0,0,0,0,0,0,1
F,44,3,20,0,0,0,0,0,0,0,0,0,1
M,30,2,0,0,0,0,0,0,0,0,0,0,0
F,32,3,14,1,1,1,0,1,1,1,1,1,1
F,36,3,17,1,1,1,0,1,1,1,1,1,1
F,32,4,13,1,1,1,0,1,1,1,1,1,1
F,35,4,16,1,1,1,0,1,1,1,1,1,1
F,52,5,15,1,1,1,1,0,1,1,0,0,1
F,23,0,18,0,1,0,0,0,1,0,0,0,1
F,29,2,19,0,1,0,0,0,1,0,0,0,1
F,22,4,16,0,1,0,0,0,1,0,0,0,1
F,22,5,17,0,1,0,0,0,1,0,0,0,1
F,32,0,13,0,1,1,1,1,1,1,1,1,1
F,34,2,14,0,1,1,1,1,1,1,1,1,1
F,32,4,13,0,1,1,1,1,1,1,1,1,1
F,36,5,14,0,1,0,0,0,1,0,0,0,1
F,31,6,11,0,1,0,0,0,1,0,0,0,1
M,44,5,11,0,1,0,1,1,0,0,0,0,0
M,47,5,16,0,1,0,1,1,0,0,0,0,0
M,45,6,11,0,1,0,1,1,0,0,0,0,0
M,44,6,15,0,1,0,1,1,0,0,0,0,0
F,33,1,16,0,1,0,0,0,0,0,0,0,0
F,33,5,20,0,1,0,0,0,0,0,0,0,0
F,35,5,12,0,0,0,0,0,1,0,0,0,1
F,31,6,14,0,0,0,0,0,1,0,0,0,1
F,69,0,11,0,1,0,0,0,0,0,0,0,1
F,75,2,12,0,1,0,0,0,0,0,0,0,1
F,66,4,15,0,1,0,0,0,0,0,0,0,1
F,38,0,11,1,1,1,1,1,1,1,0,1,1
F,36,0,17,1,1,1,1,1,1,1,0,1,1
F,35,1,13,1,1,1,1,1,1,1,0,1,1
F,39,1,19,1,1,1,1,1,1,1,0,1,1
F,37,2,15,1,1,1,1,1,1,1,0,1,1
F,34,2,19,1,1,1,1,1,1,1,0,1,1
F,37,3,12,1,1,1,1,1,1,1,0,1,1
F,37,3,20,1,1,1,1,1,1,1,0,1,1
F,38,4,11,1,1,1,1,1,1,1,0,1,1
F,33,4,17,1,1,1,1,1,1,1,0,1,1
F,32,6,13,1,1,1,1,1,1,1,0,1,1
F,34,6,20,1,1,1,1,1,1,1,0,1,1
F,27,3,20,1,1,1,0,0,0,0,1,0,1
F,31,0,12,1,1,0,0,0,1,0,0,0,1
F,38,1,12,1,1,0,0,0,1,0,0,0,1
F,39,2,13,1,1,0,0,0,1,0,0,0,1
F,31,3,15,1,1,0,0,0,1,0,0,0,1
F,31,4,19,1,1,0,0,0,1,0,1,0,1
F,39,5,16,1,1,0,0,0,1,0,1,0,1
F,38,5,15,0,1,0,0,0,1,0,0,0,1
F,31,6,14,0,1,0,0,0,1,0,0,0,1
F,38,5,5,0,1,0,0,0,0,0,0,0,1
F,32,6,5,0,1,0,0,0,0,0,0,0,1
F,35,0,15,0,1,0,0,0,1,0,0,0,1
F,38,0,19,0,1,0,0,0,1,0,0,0,1
F,39,4,13,0,1,0,0,0,1,0,0,0,1
F,34,4,18,0,1,0,0,0,1,0,0,0,1
F,39,6,12,0,1,0,0,0,1,0,0,0,1
F,37,6,19,0,1,0,0,0,1,0,0,0,1
F,34,5,15,1,1,0,1,1,1,1,0,0,1
F,31,5,20,1,1,0,1,1,1,1,0,0,1
F,38,6,12,1,1,0,1,1,1,1,0,0,1
F,37,6,18,1,1,0,1,1,1,1,0,0,1
F,32,0,13,0,1,0,0,1,1,1,0,0,1
F,32,0,15,0,1,0,0,1,1,1,0,0,1
F,34,4,13,0,1,0,0,1,1,1,0,0,1
F,37,4,20,0,1,0,0,1,1,1,0,0,1
F,35,6,12,0,1,0,0,1,1,1,0,0,1
F,34,6,18,0,1,0,0,1,1,1,0,0,1
F,60,0,9,0,1,1,0,1,0,0,0,0,1
F,67,0,17,0,1,1,0,1,0,0,0,0,1
F,64,5,5,0,1,1,0,1,0,0,0,0,1
F,62,5,20,0,1,1,0,1,0,0,0,0,1
F,71,0,14,0,1,0,0,0,1,0,0,0,1
F,70,0,17,0,1,0,0,0,1,0,0,0,1
F,66,2,11,0,1,0,0,0,1,0,0,0,1
F,66,2,17,0,1,0,0,0,1,0,0,0,1
F,63,3,12,0,1,0,0,0,1,0,0,0,1
F,66,3,19,0,1,0,0,0,1,0,0,0,1
F,77,4,13,0,1,0,0,0,1,0,0,0,1
F,77,4,17,0,1,0,0,0,1,0,0,0,1
F,73,0,18,0,1,1,0,1,1,0,0,0,1
M,34,0,15,0,1,0,0,0,1,0,0,0,1
M,39,1,19,0,1,0,0,0,1,0,0,0,1
M,30,2,20,0,1,0,0,0,1,0,0,0,1
M,33,3,15,0,1,0,0,0,1,0,0,0,1
M,37,4,19,0,1,0,0,0,1,0,0,0,1
M,38,5,20,0,1,0,0,0,1,0,0,0,1
M,34,6,18,0,1,0,0,0,1,0,0,0,1
M,33,5,17,1,1,1,1,1,1,1,0,0,1
M,36,6,18,1,1,1,1,1,1,1,0,0,1
F,74,3,8,0,0,0,0,0,0,0,0,0,1
F,68,4,5,0,0,0,0,0,0,0,0,0,1
F,30,2,12,1,1,0,0,0,1,0,0,0,1
M,35,2,1,0,1,0,0,0,0,0,0,0,1
M,37,4,21,0,1,0,0,0,0,0,0,0,1
F,30,5,10,1,0,0,0,0,1,0,0,0,0
F,35,6,8,1,0,0,0,0,1,0,0,0,0
F,67,1,7,0,1,0,0,1,1,0,0,0,1
F,68,4,6,0,1,0,0,1,1,0,0,0,1
F,39,5,13,1,1,1,1,1,1,0,1,0,0
F,34,5,17,1,1,1,1,1,1,0,1,0,0
F,37,6,13,1,1,1,1,1,1,0,1,0,0
F,30,6,16,1,1,1,1,1,1,0,1,0,0
F,65,5,6,1,1,1,0,1,1,1,0,1,0
M,37,4,11,0,1,1,0,1,1,1,1,1,1
M,34,4,20,0,1,1,0,1,1,1,1,1,1
M,37,5,12,0,1,1,0,1,1,1,1,1,1
M,31,5,15,0,1,1,0,1,1,1,1,1,1
M,31,6,14,0,1,1,0,1,1,1,1,1,1
M,31,6,18,0,1,1,0,1,1,1,1,1,1
M,37,4,16,1,0,0,0,0,1,0,1,0,1
F,39,5,14,0,1,0,0,0,1,0,0,0,1
F,75,2,14,0,0,0,0,1,0,0,0,0,1
F,61,5,14,0,0,0,0,1,0,0,0,0,1
F,79,6,11,0,0,0,0,1,0,0,0,0,1
F,44,0,12,0,1,0,0,0,0,0,0,0,1
F,49,5,14,0,1,0,0,0,0,0,0,0,1
F,44,4,12,1,1,0,0,1,1,0,0,0,1
F,48,5,12,1,1,0,0,1,1,0,0,0,1
F,44,5,15,1,1,1,0,0,0,0,0,0,1
F,45,6,13,1,1,1,0,0,0,0,0,0,1
M,35,4,7,0,1,0,0,0,1,0,1,0,1
M,35,4,14,0,1,0,0,0,1,0,1,0,1
M,30,4,20,0,1,0,0,0,1,0,1,0,1
M,33,4,2,0,1,0,0,0,1,0,1,0,1
M,35,5,5,0,1,0,0,0,1,0,1,0,1
M,30,5,12,0,1,0,0,0,1,0,1,0,1
M,37,5,20,0,1,0,0,0,1,0,1,0,1
M,37,5,0,0,1,0,0,0,1,0,1,0,1
M,37,6,8,0,1,0,0,0,1,0,1,0,1
M,30,6,13,0,1,0,0,0,1,0,1,0,1
M,38,6,18,0,1,0,0,0,1,0,1,0,1
M,37,6,4,0,1,0,0,0,1,0,1,0,1
F,42,5,7,0,1,0,0,0,0,0,0,0,1
F,48,6,7,0,1,0,0,0,0,0,0,0,1
F,32,0,18,0,1,0,0,0,1,0,1,0,1
F,33,5,17,0,1,0,0,0,1,0,1,0,1
F,32,6,19,0,1,0,0,0,1,0,1,0,1
F,34,5,6,1,1,0,0,0,0,0,0,0,1
F,33,5,12,0,1,0,0,0,1,0,0,0,1
F,38,2,14,1,1,0,1,0,0,0,0,0,0
F,36,5,14,1,1,0,1,0,0,0,0,0,0
F,37,4,16,0,1,0,0,0,0,0,0,1,1
F,30,5,17,0,1,0,0,0,0,0,0,1,1
F,35,6,20,0,1,0,0,0,0,0,0,1,1
F,36,0,14,1,1,1,1,1,1,0,0,0,1
F,39,1,13,1,1,1,1,1,1,0,0,0,1
F,31,2,14,1,1,1,1,1,1,0,0,0,1
F,36,3,14,1,1,1,1,1,1,0,0,0,1
F,36,4,15,1,1,1,1,1,1,0,0,0,1
M,20,5,7,0,1,1,1,0,1,0,1,0,1
M,21,6,6,0,1,1,1,0,1,0,1,0,1
F,23,0,16,0,0,1,0,0,1,1,1,0,1
M,21,5,16,0,0,0,0,0,0,0,0,0,1
F,22,4,11,1,1,0,0,0,1,0,1,0,1
F,23,4,19,1,1,0,0,0,1,0,1,0,1
F,21,5,13,1,1,0,0,0,1,0,1,0,1
F,24,5,15,1,1,0,0,0,1,0,1,0,1
F,29,5,15,1,1,1,0,1,1,0,0,0,1
F,27,6,19,1,1,1,0,1,1,0,0,0,1
F,20,5,11,0,1,0,0,1,1,0,1,0,1
F,21,5,20,0,1,0,0,1,1,0,1,0,1
F,25,6,14,0,1,0,0,1,1,0,1,0,1
F,28,6,16,0,1,0,0,1,1,0,1,0,1
M,26,5,16,1,1,1,1,1,1,1,1,1,1
M,24,6,16,1,1,1,1,1,1,1,1,1,1
F,23,5,16,1,1,1,0,1,1,0,0,0,1
F,27,0,17,0,1,1,1,1,1,0,0,0,1
F,25,0,23,0,1,1,1,1,1,0,0,0,1
F,28,4,18,0,1,1,1,1,1,0,0,0,1
F,25,4,4,0,1,1,1,1,1,0,0,0,1
F,28,5,19,0,1,1,1,1,1,0,0,0,1
F,22,5,23,0,1,1,1,1,1,0,0,0,1
F,24,6,20,0,1,1,1,1,1,0,0,0,1
F,22,6,2,0,1,1,1,1,1,0,0,0,1
F,22,0,6,0,0,1,0,1,1,0,0,0,1
F,20,0,19,0,0,1,0,1,1,0,0,0,1
F,29,4,7,0,0,1,0,1,1,0,0,0,1
F,27,4,17,0,0,1,0,1,1,0,0,0,1
F,25,0,15,0,1,0,0,0,0,0,0,0,1
F,23,4,17,0,1,0,0,0,0,0,0,0,1
M,22,4,10,1,1,1,1,1,1,0,1,0,1
M,21,5,7,1,1,1,1,1,1,0,1,0,1
M,22,6,7,1,1,1,1,1,1,0,1,0,1
F,27,5,18,1,1,1,1,1,1,0,0,0,1
F,22,6,20,1,1,1,1,1,1,0,0,0,1
F,20,0,13,1,1,0,0,1,1,0,0,0,1
F,28,3,14,1,1,0,0,1,1,0,0,0,1
F,20,5,15,1,1,0,0,1,1,0,0,0,1
F,28,0,16,0,1,0,0,1,1,0,0,0,1
F,23,1,20,0,1,0,0,1,1,0,0,0,1
F,23,2,19,0,1,0,0,1,1,0,0,0,1
F,18,5,14,0,1,0,0,0,1,0,0,0,1
F,19,5,19,0,1,0,0,0,1,0,0,0,1
F,19,6,15,0,1,0,0,0,1,0,0,0,1
F,14,6,16,0,1,0,0,0,1,0,0,0,1
F,21,0,21,0,1,1,0,1,1,0,0,0,1
F,22,6,4,0,1,1,0,1,1,0,0,0,1
F,12,2,15,0,1,0,0,1,1,0,0,0,1
F,12,5,15,0,1,0,0,1,1,0,0,0,1
F,38,0,17,0,0,1,0,1,1,0,0,0,1
F,30,2,20,0,0,1,0,1,1,0,0,0,1
F,35,4,15,0,0,1,0,1,1,0,0,0,1
F,21,1,16,0,1,0,0,0,0,0,0,0,1
F,23,5,19,0,1,0,0,0,0,0,0,0,1
F,27,6,18,0,1,0,0,0,0,0,0,0,1
F,29,3,15,0,1,0,0,0,1,0,0,1,1
F,20,0,19,0,0,1,1,1,0,0,0,0,1
F,24,0,3,0,0,1,1,1,0,0,0,0,1
F,22,4,20,0,0,1,1,1,0,0,0,0,1
F,21,4,23,0,0,1,1,1,0,0,0,0,1
M,24,0,18,1,1,1,1,1,1,0,0,0,1
M,23,1,15,1,1,1,1,1,1,0,0,0,1
M,25,2,16,1,1,1,1,1,1,0,0,0,1
M,20,3,18,1,1,1,1,1,1,0,0,0,1
M,20,4,16,1,1,1,1,1,1,0,0,0,1
M,29,5,16,1,1,1,1,1,1,0,0,0,1
M,20,6,17,1,1,1,1,1,1,0,0,0,1
M,51,0,15,0,1,1,1,1,1,1,0,0,1
M,52,1,17,0,1,1,1,1,1,1,0,0,1
M,56,2,16,0,1,1,1,1,1,1,0,0,1
M,51,3,18,0,1,1,1,1,1,1,0,0,1
M,57,4,15,0,1,1,1,1,1,1,0,0,1
M,55,5,16,0,1,1,1,1,1,1,0,0,1
M,55,6,19,0,1,1,1,1,1,1,0,0,1
M,24,5,11,1,1,0,0,0,1,0,1,0,1
M,29,5,18,1,1,0,0,0,1,0,1,0,1
M,27,6,13,1,1,0,0,0,1,0,1,0,1
M,20,6,17,1,1,0,0,0,1,0,1,0,1
M,33,0,20,0,1,0,0,1,1,0,1,0,1
M,34,2,16,0,1,0,0,1,1,0,1,0,1
M,21,5,15,0,0,1,0,0,1,1,0,0,1
M,24,6,19,0,0,1,0,0,1,1,0,0,1
M,33,5,23,1,1,1,0,0,1,0,1,0,1
M,35,6,2,1,1,1,0,0,1,0,1,0,1
M,35,0,16,1,1,1,0,0,1,0,1,0,1
M,36,2,18,1,1,1,0,0,1,0,1,0,1
F,21,0,18,0,1,0,0,0,1,0,1,0,1
F,28,1,15,0,1,0,0,0,1,0,1,0,1
F,28,2,16,0,1,0,0,0,1,0,1,0,1
F,21,3,18,0,1,0,0,0,1,0,1,0,1
M,31,0,15,0,1,0,0,0,0,0,0,0,1
M,39,6,18,0,1,0,0,0,0,0,0,0,1
M,33,1,17,1,1,1,0,1,1,0,0,0,1
M,36,5,19,1,1,1,0,1,1,0,0,0,1
M,34,6,15,1,1,1,0,1,1,0,0,0,1
M,22,5,13,0,1,0,0,0,1,0,1,0,1
M,27,5,13,0,1,1,0,1,0,0,0,0,1
F,20,0,15,0,1,0,0,0,0,0,0,0,1
F,22,5,20,0,1,0,0,0,0,0,0,0,1
F,23,6,17,0,1,0,0,0,0,0,0,0,1
M,30,2,16,1,1,1,1,1,1,0,1,0,1
M,37,5,16,1,1,1,1,1,1,0,1,0,1
F,34,2,15,1,1,1,0,0,1,1,0,1,1
F,30,4,17,1,1,1,0,0,1,1,0,1,1
M,47,2,19,1,1,0,0,0,1,0,1,0,1
M,46,5,19,1,1,0,0,0,1,0,1,0,1
M,44,6,16,1,1,0,0,0,1,0,1,0,1
F,23,0,19,1,1,1,0,1,1,0,0,0,1
F,20,2,17,1,1,1,0,1,1,0,0,0,1
F,26,5,18,1,1,1,0,1,1,0,0,0,1
F,28,6,20,1,1,1,0,1,1,0,0,0,1
M,45,2,18,1,1,1,0,1,0,1,0,1,1
M,43,6,17,1,1,1,0,1,0,1,0,1,1
M,30,5,20,0,1,0,0,0,0,0,0,0,1
M,31,6,20,0,1,0,0,0,0,0,0,0,1
F,20,2,18,0,1,0,0,0,0,0,0,0,1
F,21,5,15,0,1,0,0,0,0,0,0,0,1
F,22,4,18,1,1,1,1,1,1,1,1,0,1
F,29,5,15,1,1,1,1,1,1,1,1,0,1
F,28,2,16,0,1,0,0,0,0,0,0,0,1
F,25,4,19,0,1,0,0,0,0,0,0,0,1
F,14,5,20,1,1,1,0,1,1,0,0,0,1
F,19,6,16,1,1,1,0,1,1,0,0,0,1
F,26,5,15,1,0,0,0,0,0,0,0,0,1
F,22,0,13,1,0,1,0,1,1,1,0,1,0
F,21,1,13,1,0,1,0,1,1,1,0,1,0
F,22,2,14,1,0,1,0,1,1,1,0,1,0
F,23,3,12,1,0,1,0,1,1,1,0,1,0
F,26,4,14,1,0,1,0,1,1,1,0,1,0
F,23,5,12,1,0,1,0,1,1,1,0,1,0
F,23,6,14,1,0,1,0,1,1,1,0,1,0
F,15,0,13,1,1,1,1,1,1,1,1,0,1
F,19,2,13,1,1,1,1,1,1,1,1,0,1
F,19,4,14,1,1,1,1,1,1,1,1,0,1
M,29,5,7,0,0,0,0,0,1,0,0,0,1
M,24,5,12,0,0,0,0,0,1,0,0,0,1
M,25,6,9,0,0,0,0,0,1,0,0,0,1
M,27,6,12,0,0,0,0,0,1,0,0,0,1
F,24,5,13,0,1,0,0,0,1,0,0,0,1
F,25,6,13,0,1,0,0,0,1,0,0,0,1
F,28,4,15,0,1,0,0,0,1,0,0,0,1
F,29,5,17,0,1,0,0,0,1,0,0,0,1
F,29,6,19,0,1,0,0,0,1,0,0,0,1
F,29,5,20,0,0,1,0,1,1,1,0,0,1
F,19,0,18,1,0,1,1,1,1,1,0,0,1
F,12,3,19,1,0,1,1,1,1,1,0,0,1
F,37,0,13,0,1,0,0,0,1,1,1,1,0
F,33,5,15,0,1,0,0,0,1,1,1,1,0
M,39,3,19,1,1,0,0,0,1,0,1,0,1
M,28,5,17,0,0,0,0,0,1,0,0,0,1
M,20,5,12,1,1,1,1,1,1,1,1,1,1
M,29,6,14,1,1,1,1,1,1,1,1,1,1
M,22,4,20,0,0,0,0,0,0,0,0,0,1
F,33,5,17,0,0,0,0,0,1,0,1,0,1
F,36,6,15,0,0,0,0,0,1,0,1,0,1
M,21,5,12,0,1,1,0,1,1,0,0,0,1
M,28,6,12,0,1,1,0,1,1,0,0,0,1
F,26,5,11,1,1,1,1,0,1,1,1,0,1
F,20,5,19,1,1,1,1,0,1,1,1,0,1
F,24,6,14,1,1,1,1,0,1,1,1,0,1
F,28,6,20,1,1,1,1,0,1,1,1,0,1
F,31,0,6,1,1,1,1,1,1,1,1,1,1
F,39,0,13,1,1,1,1,1,1,1,1,1,1
F,39,0,19,1,1,1,1,1,1,1,1,1,1
F,37,1,8,1,1,1,1,1,1,1,1,1,1
F,31,1,11,1,1,1,1,1,1,1,1,1,1
F,37,1,20,1,1,1,1,1,1,1,1,1,1
F,37,2,9,1,1,1,1,1,1,1,1,1,1
F,31,2,15,1,1,1,1,1,1,1,1,1,1
F,34,2,20,1,1,1,1,1,1,1,1,1,1
F,38,3,10,1,1,1,1,1,1,1,1,1,1
F,34,3,15,1,1,1,1,1,1,1,1,1,1
F,38,3,17,1,1,1,1,1,1,1,1,1,1
F,36,4,6,1,1,1,1,1,1,1,1,1,1
F,33,4,13,1,1,1,1,1,1,1,1,1,1
F,36,4,17,1,1,1,1,1,1,1,1,1,1
F,35,5,5,1,1,1,1,1,1,1,1,1,1
F,31,5,11,1,1,1,1,1,1,1,1,1,1
F,39,5,18,1,1,1,1,1,1,1,1,1,1
F,33,6,7,1,1,1,1,1,1,1,1,1,1
F,31,6,13,1,1,1,1,1,1,1,1,1,1
F,30,6,16,1,1,1,1,1,1,1,1,1,1
M,26,0,15,0,1,0,0,0,0,0,0,0,1
M,25,1,15,0,1,0,0,0,0,0,0,0,1
M,27,2,20,0,1,0,0,0,0,0,0,0,1
M,29,3,17,0,1,0,0,0,0,0,0,0,1
M,25,4,20,0,1,0,0,0,0,0,0,0,1
M,25,5,17,0,1,0,0,0,0,0,0,0,1
M,25,6,16,0,1,0,0,0,0,0,0,0,1
F,35,5,17,0,1,0,0,0,1,0,0,0,1
F,33,6,16,0,1,0,0,0,1,0,0,0,1
M,31,4,18,0,1,0,0,0,0,0,0,0,1
M,34,5,15,0,1,0,0,0,0,0,0,0,1
F,35,1,20,0,1,0,0,0,1,0,0,0,1
F,30,3,18,0,1,0,0,0,1,0,0,0,1
F,34,1,5,0,0,0,1,1,1,0,1,1,0
F,35,1,14,0,0,0,1,1,1,0,1,1,0
F,36,4,8,0,0,0,1,1,1,0,1,1,0
F,37,4,15,0,0,0,1,1,1,0,1,1,0
M,28,0,1,1,1,1,0,1,1,0,1,0,1
F,38,0,17,1,1,1,0,1,1,0,1,0,1
F,32,5,16,1,1,1,0,1,1,0,1,0,1
F,31,0,13,1,1,1,0,1,1,0,1,0,1
F,36,2,20,0,1,0,0,1,1,0,1,1,1
F,39,5,17,0,1,0,0,1,1,0,1,1,1
M,21,0,15,1,1,0,0,0,1,0,0,0,1
M,25,0,19,1,1,0,0,0,1,0,0,0,1
M,28,1,13,1,1,0,0,0,1,0,0,0,1
M,25,1,20,1,1,0,0,0,1,0,0,0,1
M,26,2,13,1,1,0,0,0,1,0,0,0,1
M,28,2,18,1,1,0,0,0,1,0,0,0,1
M,22,3,13,1,1,0,0,0,1,0,0,0,1
M,25,3,19,1,1,0,0,0,1,0,0,0,1
M,27,4,13,1,1,0,0,0,1,0,0,0,1
M,27,4,15,1,1,0,0,0,1,0,0,0,1
M,26,5,12,1,1,0,0,0,1,0,0,0,1
M,20,5,19,1,1,0,0,0,1,0,0,0,1
M,26,6,12,1,1,0,0,0,1,0,0,0,1
M,24,6,17,1,1,0,0,0,1,0,0,0,1
F,35,1,4,1,1,0,0,1,1,0,1,0,1
F,32,3,23,1,1,0,0,1,1,0,1,0,1
F,37,5,22,1,1,0,0,1,1,0,1,0,1
F,23,6,4,1,0,1,1,1,0,0,0,1,1
M,31,5,20,1,1,1,1,1,1,1,1,1,0
M,38,6,19,1,1,1,1,1,1,1,1,1,0
F,35,4,19,0,0,1,1,0,1,0,1,0,1
F,37,4,2,0,0,1,1,0,1,0,1,0,1
F,32,5,18,0,0,1,1,0,1,0,1,0,1
F,32,5,21,0,0,1,1,0,1,0,1,0,1
M,23,5,18,1,0,1,0,1,1,0,1,0,1
M,24,6,15,1,0,1,0,1,1,0,1,0,1
M,32,5,13,0,0,0,0,0,1,0,0,0,1
M,38,6,12,0,0,0,0,0,1,0,0,0,1
M,23,5,15,1,1,1,0,0,1,0,1,0,1
M,28,6,15,1,1,1,0,0,1,0,1,0,1
M,25,2,20,1,1,1,0,1,1,1,1,1,1
M,26,4,18,1,1,1,0,1,1,1,1,1,1
M,23,6,19,0,1,1,1,1,1,1,0,0,1
F,73,2,20,0,1,1,0,1,0,0,0,0,1
F,25,5,16,1,1,1,0,1,1,0,0,0,1
M,43,5,16,0,1,0,0,0,1,0,1,0,1
M,42,6,19,0,1,0,0,0,1,0,1,0,1
M,21,5,13,1,0,1,1,1,0,1,0,0,1
M,29,5,20,1,0,1,1,1,0,1,0,0,1
M,28,6,11,1,0,1,1,1,0,1,0,0,1
M,21,6,20,1,0,1,1,1,0,1,0,0,1
M,49,0,16,0,1,0,0,0,1,0,0,0,1
M,45,1,15,0,1,0,0,0,1,0,0,0,1
M,44,2,19,0,1,0,0,0,1,0,0,0,1
M,45,3,18,0,1,0,0,0,1,0,0,0,1
M,45,4,16,0,1,0,0,0,1,0,0,0,1
M,42,5,15,0,1,0,0,0,1,0,0,0,1
M,43,6,18,0,1,0,0,0,1,0,0,0,1
M,52,1,10,1,1,1,0,1,0,0,0,0,1
F,57,5,13,0,1,0,0,0,1,0,0,0,1
F,56,6,12,0,1,0,0,0,1,0,0,0,1
M,59,5,12,0,1,0,0,0,0,0,0,0,1
F,44,4,12,1,1,1,0,1,1,0,0,0,1
F,49,4,17,1,1,1,0,1,1,0,0,0,1
F,49,5,11,1,1,1,0,1,1,0,0,0,1
F,48,5,17,1,1,1,0,1,1,0,0,0,1
M,31,1,9,0,1,0,0,0,1,0,1,0,1
M,33,5,8,0,1,0,0,0,1,0,1,0,1
M,34,6,6,0,1,0,0,0,1,0,1,0,1
F,42,2,18,0,1,0,0,0,0,0,1,1,0
F,41,4,16,0,1,0,0,0,0,0,1,1,0
F,39,1,12,0,1,0,0,0,1,0,0,0,1
F,36,3,15,0,1,0,0,0,1,0,0,0,1
F,33,5,14,0,1,0,0,0,1,0,0,0,1
M,39,0,20,1,1,1,1,1,1,1,1,1,1
M,35,1,20,1,1,1,1,1,1,1,1,1,1
M,35,2,16,1,1,1,1,1,1,1,1,1,1
M,36,3,17,1,1,1,1,1,1,1,1,1,1
M,31,4,17,1,1,1,1,1,1,1,1,1,1
F,38,1,11,0,1,1,1,1,1,0,0,0,0
F,37,6,11,0,1,1,1,1,1,0,0,0,0
F,34,5,15,1,1,0,0,1,1,1,1,0,1
F,39,6,15,1,1,0,0,1,1,1,1,0,1
M,42,5,14,1,0,1,0,1,0,0,0,0,1
M,49,5,0,1,0,1,0,1,0,0,0,0,1
M,43,6,11,1,0,1,0,1,0,0,0,0,1
M,47,6,22,1,0,1,0,1,0,0,0,0,1
F,43,2,6,1,1,0,0,0,1,0,1,0,1
F,46,5,9,1,1,0,0,0,1,0,1,0,1
F,49,6,6,1,1,0,0,0,1,0,1,0,1
M,30,2,15,1,1,0,0,0,1,0,0,0,1
M,30,2,18,1,1,0,0,0,1,0,0,0,1
F,25,4,17,0,1,1,1,1,0,0,0,0,1
F,21,6,15,0,1,1,1,1,0,0,0,0,1
F,39,5,16,0,0,0,0,0,0,0,0,0,1
F,39,6,18,0,0,0,0,0,0,0,0,0,1
F,35,0,18,0,0,0,0,0,1,0,0,0,1
F,39,1,16,0,0,0,0,0,1,0,0,0,1
F,37,2,16,0,0,0,0,0,1,0,0,0,1
F,38,3,15,0,0,0,0,0,1,0,0,0,1
F,35,4,17,0,0,0,0,0,1,0,0,0,1
F,34,5,20,0,0,0,0,0,1,0,0,0,1
F,31,6,20,0,0,0,0,0,1,0,0,0,1
F,35,2,19,0,1,0,0,0,1,0,0,0,1
F,39,6,19,0,1,0,0,0,1,0,0,0,1
F,30,6,15,0,1,0,1,1,0,1,0,1,1
F,33,0,19,0,1,0,0,0,0,0,0,0,1
F,41,1,18,0,0,0,0,0,0,0,0,0,1
F,48,3,20,0,0,0,0,0,0,0,0,0,1
M,31,2,22,0,0,0,0,0,0,0,0,0,0
F,30,3,13,1,1,1,0,1,1,1,1,1,1
F,30,3,19,1,1,1,0,1,1,1,1,1,1
F,35,4,12,1,1,1,0,1,1,1,1,1,1
F,39,4,18,1,1,1,0,1,1,1,1,1,1
F,59,5,14,1,1,1,1,0,1,1,0,0,1
F,29,0,20,0,1,0,0,0,1,0,0,0,1
F,28,2,19,0,1,0,0,0,1,0,0,0,1
F,25,4,15,0,1,0,0,0,1,0,0,0,1
F,20,5,19,0,1,0,0,0,1,0,0,0,1
F,33,0,13,0,1,1,1,1,1,1,1,1,1
F,35,2,12,0,1,1,1,1,1,1,1,1,1
F,37,4,12,0,1,1,1,1,1,1,1,1,1
F,36,5,13,0,1,0,0,0,1,0,0,0,1
F,39,6,15,0,1,0,0,0,1,0,0,0,1
M,41,5,12,0,1,0,1,1,0,0,0,0,0
M,45,5,15,0,1,0,1,1,0,0,0,0,0
M,43,6,11,0,1,0,1,1,0,0,0,0,0
M,45,6,20,0,1,0,1,1,0,0,0,0,0
F,36,1,20,0,1,0,0,0,0,0,0,0,0
F,30,5,20,0,1,0,0,0,0,0,0,0,0
F,33,5,14,0,0,0,0,0,1,0,0,0,1
F,34,6,12,0,0,0,0,0,1,0,0,0,1
F,71,0,15,0,1,0,0,0,0,0,0,0,1
F,71,2,15,0,1,0,0,0,0,0,0,0,1
F,77,4,11,0,1,0,0,0,0,0,0,0,1
F,30,0,11,1,1,1,1,1,1,1,0,1,1
F,36,0,15,1,1,1,1,1,1,1,0,1,1
F,32,1,12,1,1,1,1,1,1,1,0,1,1
F,37,1,18,1,1,1,1,1,1,1,0,1,1
F,33,2,15,1,1,1,1,1,1,1,0,1,1
F,37,2,18,1,1,1,1,1,1,1,0,1,1
F,30,3,15,1,1,1,1,1,1,1,0,1,1
F,31,3,15,1,1,1,1,1,1,1,0,1,1
F,35,4,12,1,1,1,1,1,1,1,0,1,1
F,34,4,15,1,1,1,1,1,1,1,0,1,1
F,30,6,15,1,1,1,1,1,1,1,0,1,1
F,35,6,17,1,1,1,1,1,1,1,0,1,1
F,20,3,19,1,1,1,0,0,0,0,1,0,1
F,30,0,14,1,1,0,0,0,1,0,0,0,1
F,35,1,13,1,1,0,0,0,1,0,0,0,1
F,32,2,15,1,1,0,0,0,1,0,0,0,1
F,37,3,11,1,1,0,0,0,1,0,0,0,1
F,30,4,15,1,1,0,0,0,1,0,1,0,1
F,31,5,18,1,1,0,0,0,1,0,1,0,1
F,30,5,13,0,1,0,0,0,1,0,0,0,1
F,35,6,15,0,1,0,0,0,1,0,0,0,1
F,39,5,9,0,1,0,0,0,0,0,0,0,1
F,34,6,8,0,1,0,0,0,0,0,0,0,1
F,32,0,11,0,1,0,0,0,1,0,0,0,1
F,33,0,19,0,1,0,0,0,1,0,0,0,1
F,37,4,13,0,1,0,0,0,1,0,0,0,1
F,30,4,16,0,1,0,0,0,1,0,0,0,1
F,35,6,11,0,1,0,0,0,1,0,0,0,1
F,30,6,16,0,1,0,0,0,1,0,0,0,1
F,38,5,14,1,1,0,1,1,1,1,0,0,1
F,30,5,20,1,1,0,1,1,1,1,0,0,1
F,39,6,15,1,1,0,1,1,1,1,0,0,1
F,31,6,16,1,1,0,1,1,1,1,0,0,1
F,36,0,11,0,1,0,0,1,1,1,0,0,1
F,30,0,19,0,1,0,0,1,1,1,0,0,1
F,37,4,15,0,1,0,0,1,1,1,0,0,1
F,37,4,19,0,1,0,0,1,1,1,0,0,1
F,32,6,13,0,1,0,0,1,1,1,0,0,1
F,33,6,20,0,1,0,0,1,1,1,0,0,1
F,60,0,9,0,1,1,0,1,0,0,0,0,1
F,70,0,18,0,1,1,0,1,0,0,0,0,1
F,66,5,6,0,1,1,0,1,0,0,0,0,1
F,68,5,17,0,1,1,0,1,0,0,0,0,1
F,60,0,12,0,1,0,0,0,1,0,0,0,1
F,73,0,17,0,1,0,0,0,1,0,0,0,1
F,68,2,11,0,1,0,0,0,1,0,0,0,1
F,68,2,17,0,1,0,0,0,1,0,0,0,1
F,79,3,15,0,1,0,0,0,1,0,0,0,1
F,77,3,16,0,1,0,0,0,1,0,0,0,1
F,80,4,14,0,1,0,0,0,1,0,0,0,1
F,74,4,19,0,1,0,0,0,1,0,0,0,1
F,69,0,15,0,1,1,0,1,1,0,0,0,1
M,35,0,19,0,1,0,0,0,1,0,0,0,1
M,35,1,15,0,1,0,0,0,1,0,0,0,1
M,35,2,20,0,1,0,0,0,1,0,0,0,1
M,32,3,19,0,1,0,0,0,1,0,0,0,1
M,32,4,17,0,1,0,0,0,1,0,0,0,1
M,35,5,16,0,1,0,0,0,1,0,0,0,1
M,33,6,17,0,1,0,0,0,1,0,0,0,1
M,36,5,20,1,1,1,1,1,1,1,0,0,1
M,38,6,18,1,1,1,1,1,1,1,0,0,1
F,62,3,9,0,0,0,0,0,0,0,0,0,1
F,68,4,9,0,0,0,0,0,0,0,0,0,1
F,37,2,11,1,1,0,0,0,1,0,0,0,1
M,37,2,3,0,1,0,0,0,0,0,0,0,1
M,38,4,3,0,1,0,0,0,0,0,0,0,1
F,35,5,10,1,0,0,0,0,1,0,0,0,0
F,34,6,10,1,0,0,0,0,1,0,0,0,0
F,78,1,6,0,1,0,0,1,1,0,0,0,1
F,72,4,9,0,1,0,0,1,1,0,0,0,1
F,39,5,11,1,1,1,1,1,1,0,1,0,0
F,35,5,18,1,1,1,1,1,1,0,1,0,0
F,34,6,15,1,1,1,1,1,1,0,1,0,0
F,31,6,16,1,1,1,1,1,1,0,1,0,0
F,77,5,5,1,1,1,0,1,1,1,0,1,0
M,39,4,12,0,1,1,0,1,1,1,1,1,1
M,39,4,16,0,1,1,0,1,1,1,1,1,1
M,38,5,11,0,1,1,0,1,1,1,1,1,1
M,35,5,16,0,1,1,0,1,1,1,1,1,1
M,33,6,12,0,1,1,0,1,1,1,1,1,1
M,38,6,17,0,1,1,0,1,1,1,1,1,1
M,32,4,18,1,0,0,0,0,1,0,1,0,1
F,39,5,13,0,1,0,0,0,1,0,0,0,1
F,71,2,12,0,0,0,0,1,0,0,0,0,1
F,73,5,15,0,0,0,0,1,0,0,0,0,1
F,80,6,15,0,0,0,0,1,0,0,0,0,1
F,41,0,14,0,1,0,0,0,0,0,0,0,1
F,47,5,12,0,1,0,0,0,0,0,0,0,1
F,40,4,15,1,1,0,0,1,1,0,0,0,1
F,46,5,13,1,1,0,0,1,1,0,0,0,1
F,41,5,11,1,1,1,0,0,0,0,0,0,1
F,41,6,14,1,1,1,0,0,0,0,0,0,1
M,35,4,9,0,1,0,0,0,1,0,1,0,1
M,37,4,11,0,1,0,0,0,1,0,1,0,1
M,39,4,15,0,1,0,0,0,1,0,1,0,1
M,35,4,22,0,1,0,0,0,1,0,1,0,1
M,39,5,8,0,1,0,0,0,1,0,1,0,1
M,31,5,12,0,1,0,0,0,1,0,1,0,1
M,36,5,19,0,1,0,0,0,1,0,1,0,1
M,35,5,3,0,1,0,0,0,1,0,1,0,1
M,38,6,9,0,1,0,0,0,1,0,1,0,1
M,31,6,13,0,1,0,0,0,1,0,1,0,1
M,38,6,19,0,1,0,0,0,1,0,1,0,1
M,31,6,0,0,1,0,0,0,1,0,1,0,1
F,49,5,8,0,1,0,0,0,0,0,0,0,1
F,42,6,10,0,1,0,0,0,0,0,0,0,1
F,31,0,17,0,1,0,0,0,1,0,1,0,1
F,31,5,17,0,1,0,0,0,1,0,1,0,1
F,38,6,17,0,1,0,0,0,1,0,1,0,1
F,39,5,7,1,1,0,0,0,0,0,0,0,1
F,32,5,11,0,1,0,0,0,1,0,0,0,1
F,39,2,15,1,1,0,1,0,0,0,0,0,0
F,31,5,11,1,1,0,1,0,0,0,0,0,0
F,36,4,19,0,1,0,0,0,0,0,0,1,1
F,34,5,18,0,1,0,0,0,0,0,0,1,1
F,36,6,19,0,1,0,0,0,0,0,0,1,1
F,38,0,13,1,1,1,1,1,1,0,0,0,1
F,38,1,15,1,1,1,1,1,1,0,0,0,1
F,35,2,13,1,1,1,1,1,1,0,0,0,1
F,37,3,15,1,1,1,1,1,1,0,0,0,1
F,35,4,12,1,1,1,1,1,1,0,0,0,1
